img_id,road,sidewalk,building,wall,fence,pole,traffic light,traffic sign,vegetation,terrain,sky,person,rider,car,truck,bus,train,motorcycle,bicycle
795,255551,8455,18680,24,3,66,0,0,157506,29519,120020,0,0,0,0,0,0,0,0
520,240262,16770,26703,661,4874,129,0,0,66148,22486,210585,4,20,1170,0,0,0,0,12
1039,244092,11602,89160,15,3462,1776,0,22,102922,2077,126660,0,0,8036,0,0,0,0,0
54,199116,5143,4508,3658,26793,436,0,0,106638,13523,189469,8,0,40532,0,0,0,0,0
1027,208323,32007,130858,113,65990,5404,106,57,5269,0,140191,452,0,989,0,0,0,0,65
839,217144,16084,96135,65,14233,2193,0,693,154560,582,87611,1,0,423,0,0,0,0,100
59,269443,5941,3373,267,1170,3917,0,621,87838,580,216311,0,0,118,245,0,0,0,0
563,188293,47910,3328,6546,12009,6458,16,422,96864,13156,187564,45,183,26747,283,0,0,0,0
711,251780,30863,19946,6610,7242,1188,6,7,15229,306,256538,0,0,0,0,0,109,0,0
151,223245,41473,21857,1016,9592,5615,0,530,103053,2054,176625,196,0,4179,34,327,27,0,1
193,214371,42364,27311,1,10697,8580,0,53,138045,2223,146146,0,0,33,0,0,0,0,0
654,182572,0,1280,97,0,973,0,3,251445,76321,71807,0,0,5326,0,0,0,0,0
281,231090,34938,134538,0,0,7594,2835,5251,97947,17,74385,876,0,348,0,0,0,0,5
625,208003,19613,3194,489,1303,6751,10518,10078,112550,40735,173257,174,0,269,0,404,2019,467,0
232,214675,12960,266716,264,133,4798,217,994,29711,317,13467,143,0,45416,0,0,0,13,0
266,204404,36693,105878,132,746,1979,0,0,60940,87,178423,0,0,542,0,0,0,0,0
155,117161,8496,168157,2390,1184,302,0,0,38825,12025,15350,194,0,357,225348,0,0,0,35
394,159292,0,8667,0,0,15,0,453,336169,11416,51630,0,0,19709,0,2473,0,0,0
1023,226863,35737,2314,79,62991,876,0,0,1840,0,256864,0,0,2144,0,0,116,0,0
473,184460,172,12924,0,7419,6198,0,0,216864,82047,78001,48,0,1691,0,0,0,0,0
1093,274743,2271,0,0,0,264,0,6,129552,12159,166804,0,0,4025,0,0,0,0,0
145,240926,8316,20134,157,3427,2094,0,0,83179,9294,213692,0,0,8605,0,0,0,0,0
572,211759,13896,0,40,0,909,0,2943,315031,37233,5091,0,0,2904,0,0,0,0,18
886,196560,16730,69481,19,4775,60,0,0,288661,294,12562,0,3,666,0,0,0,0,13
1055,203121,1223,3380,1987,603,4159,346,704,91835,65249,215229,0,0,1988,0,0,0,0,0
523,227006,25461,4514,3964,18079,1031,0,8,269318,4558,33189,0,0,2696,0,0,0,0,0
391,187592,22186,19990,0,4952,265,0,1,124031,47998,180539,26,0,2233,11,0,0,0,0
111,268042,1709,0,13478,204,180,0,613,69952,1573,230624,16,0,3433,0,0,0,0,0
576,248863,15532,162764,5556,3113,3540,284,68,85488,987,56564,1711,0,5272,82,0,0,0,0
147,249931,8435,9753,0,365,968,0,481,107379,10956,201434,0,0,122,0,0,0,0,0
622,173765,26321,57661,102,16535,1514,0,0,71763,34414,207321,0,0,395,0,0,33,0,0
694,183731,55358,28,14,5735,2122,0,0,76526,34826,230474,235,0,757,0,0,18,0,0
786,178423,1190,3405,1508,18356,2943,3,80,131640,93496,153927,0,0,407,4396,0,50,0,0
348,230969,2995,48735,1909,12567,105,42,124,177379,125,91425,0,0,21994,731,724,0,0,0
36,239253,4061,53352,6,900,4904,0,50,141888,21196,119631,0,0,4583,0,0,0,0,0
592,223750,33136,0,7,0,0,0,0,214552,9023,108180,0,0,1176,0,0,0,0,0
1070,219882,41060,15781,283,0,1754,286,374,106474,7282,185216,6,0,11312,0,0,114,0,0
357,508952,59,9442,13784,0,0,0,0,1789,0,55481,0,0,203,0,0,0,0,114
881,210602,14545,3151,0,34,1105,0,81,317945,13215,29070,0,0,76,0,0,0,0,0
549,262861,8777,72426,4648,672,3312,1219,519,61479,5807,167410,0,0,654,0,0,0,0,40
925,256462,1,11400,2182,14572,659,68,0,48215,14626,241514,0,0,125,0,0,0,0,0
392,193040,33027,8348,415,6826,225,0,37,221194,28702,97540,2,0,468,0,0,0,0,0
312,269910,3093,622,35,347,915,0,325,128079,7784,178161,0,0,553,0,0,0,0,0
872,224782,24481,3836,18056,0,3528,8044,7887,235600,5256,47896,0,0,10458,0,0,0,0,0
231,246122,6077,140391,160,2732,1478,0,33,143601,3833,28901,94,0,16146,256,0,0,0,0
1068,178994,10564,45452,2,5907,5326,2462,5576,63965,12761,185012,0,0,73803,0,0,0,0,0
774,203189,8116,2146,2987,2281,419,0,16,253266,38312,78860,0,0,232,0,0,0,0,0
503,195507,162,26,0,1640,4692,0,0,223596,39366,123013,0,0,1822,0,0,0,0,0
1062,128838,190,15,280,0,1362,0,179,238699,134950,82738,0,0,2573,0,0,0,0,0
3,249400,660,6941,25569,9342,441,3,5,146525,1380,148328,0,0,1230,0,0,0,0,0
24,217167,4295,3646,2,5779,2418,866,226,73064,2785,230351,872,0,3264,45089,0,0,0,0
953,258653,17494,744,3943,4893,673,4110,22,86979,136,212057,3,0,117,0,0,0,0,0
127,255480,6410,66,4059,3422,1532,0,17,109506,4957,204259,0,0,116,0,0,0,0,0
79,207707,5810,0,11195,557,322,0,73,177671,1880,151984,0,0,32625,0,0,0,0,0
98,246670,5854,115180,18407,20354,2,0,85,729,2426,155590,0,0,24527,0,0,0,0,0
828,157010,0,22310,391,1035,946,0,103,129121,100444,177525,0,0,939,0,0,0,0,0
1042,221017,30176,37816,4402,1797,2449,11,0,47462,23795,220890,0,0,4,0,0,5,0,0
836,237181,15291,1555,92,19292,2520,56,26,284384,16861,12449,0,0,117,0,0,0,0,0
851,202068,6609,138,137,703,4691,0,2231,300875,60650,11722,0,0,0,0,0,0,0,0
637,289135,88,112,0,747,1393,0,1177,73543,4700,210677,0,0,2422,5830,0,0,0,0
82,249725,534,45591,10985,2312,1647,37,236,5500,168,239462,97,0,32232,0,1298,0,0,0
1045,259782,9870,157893,5511,7034,2242,62,2129,63155,404,74050,0,0,7212,0,0,0,0,480
603,211413,32161,26659,9362,10910,1017,0,1,177950,6663,112375,0,0,1249,0,64,0,0,0
648,196692,16949,10016,8251,1991,9883,0,748,155452,53081,136392,0,0,334,0,0,0,0,35
871,209977,3318,297,421,201,567,0,253,317643,19039,36915,0,0,1193,0,0,0,0,0
631,206969,3665,22482,7230,4831,739,0,11,246045,3799,66634,0,9,21997,5177,0,0,0,236
606,214819,8896,116629,17,53,741,0,3,65691,4240,138643,0,0,40091,0,0,0,0,1
7,253371,9064,249144,12899,10833,142,0,0,14031,175,39001,20,0,1144,0,0,0,0,0
170,231885,11056,10734,79,1276,887,0,0,152506,40266,140134,61,0,929,0,0,0,11,0
411,205430,3521,0,0,0,3056,0,130,164384,18362,194873,0,0,68,0,0,0,0,0
260,212246,57668,69961,483,1148,6250,0,1804,19575,7670,211026,0,0,1993,0,0,0,0,0
854,191408,2680,8002,4,14996,7021,933,0,199660,32533,129799,0,0,224,0,0,1945,0,619
506,229846,27395,16616,2,5206,3143,0,0,196118,7113,99035,13,0,5337,0,0,0,0,0
368,508952,59,9442,13784,0,0,0,0,1789,0,55481,0,0,203,0,0,0,0,114
929,245471,14612,23642,5,1820,3337,68,1000,126285,2319,156255,29,13,10347,293,2146,59,102,2021
994,228438,7726,6663,482,2018,816,1,39,40225,7777,250432,5,64,37055,5485,747,1709,0,142
412,235652,18610,33239,0,0,8884,5,733,57908,5604,221267,0,0,7922,0,0,0,0,0
29,281500,2361,80713,0,3496,826,31,3,5431,4641,207876,10,0,2936,0,0,0,0,0
682,179912,7078,3070,425,61,3786,7,21,178713,86498,128653,13,22,1565,0,0,0,0,0
246,255558,6898,11600,5966,787,3979,0,192,41403,9434,247033,1304,913,1151,0,2897,516,193,0
336,203409,54,35626,588,29,0,0,0,314835,18897,4522,0,0,11864,0,0,0,0,0
1046,228836,8429,25900,467,502,1452,0,107,123836,5291,171117,77,0,23760,48,0,0,2,0
284,212041,18221,81579,64,5952,4753,1954,168,91104,1311,156615,7,0,7012,8444,599,0,0,0
279,209278,626,114,0,248,2315,0,2653,119441,91476,158654,0,0,5019,0,0,0,0,0
1004,231294,272,71148,44,0,579,0,378,87286,3455,140363,0,0,55005,0,0,0,0,0
1057,243108,952,1602,197,1425,191,0,0,252510,5019,77205,0,0,7615,0,0,0,0,0
227,237844,237,389,0,6090,133,0,0,182444,20977,140832,0,0,878,0,0,0,0,0
536,240587,11063,52596,0,2677,2787,1061,744,29459,8599,227246,1,0,12998,0,0,0,0,6
957,251939,406,3,0,0,1339,354,0,123447,15693,193842,0,0,2801,0,0,0,0,0
636,203420,20413,135756,271,30146,9456,0,0,77137,0,87120,0,0,26105,0,0,0,0,0
906,185098,65211,428,100,977,500,0,0,213231,43773,79376,0,0,1130,0,0,0,0,0
620,250161,5545,30490,0,8628,2627,5697,840,103883,1714,172215,610,0,7408,0,0,0,0,6
533,196173,41616,2271,2506,20266,4348,65,0,115747,15618,190950,0,0,264,0,0,0,0,0
973,240582,20427,37266,878,2863,3705,0,11,90268,1065,192759,0,0,0,0,0,0,0,0
176,217654,41175,22137,29955,18726,3917,0,863,107382,3459,142376,0,0,2180,0,0,0,0,0
162,197293,60499,54644,2869,18961,14318,0,240,20177,2223,217386,30,0,1155,0,0,21,0,8
1033,251370,20327,1022,1669,279,7428,8453,11492,12362,3137,248724,0,0,7263,16298,0,0,0,0
1036,266214,690,3069,32,5624,3938,2439,1522,27443,303,267121,6,0,11423,0,0,0,0,0
205,230027,819,12993,0,0,930,1,37,49369,34983,248857,75,0,11714,19,0,0,0,0
794,211438,9813,1433,417,3845,888,0,161,207965,29536,120727,0,0,3601,0,0,0,0,0
1065,188766,2479,10684,0,6005,620,9,66,232466,1700,145899,2,0,1128,0,0,0,0,0
676,222508,35375,8209,24,103,807,0,1278,157371,616,163273,0,0,260,0,0,0,0,0
83,205187,235,48256,4404,6266,40,0,0,951,967,191969,2,0,12651,117425,47,1424,0,0
435,234529,20276,15186,2748,22,161,0,120,202360,8314,83550,447,0,22108,3,0,0,0,0
1067,202877,330,24166,0,168,4434,0,767,114119,4176,169373,219,0,36009,33186,0,0,0,0
378,508952,59,9442,13784,0,0,0,0,1789,0,55481,0,0,203,0,0,0,0,114
1106,225172,37280,150745,0,11106,3755,28,269,5829,112,153406,665,0,1457,0,0,0,0,0
512,143953,379,4932,90,7824,1286,0,0,265317,79361,86391,0,0,291,0,0,0,0,0
864,192913,11829,7047,660,18188,691,0,112,184615,35109,135724,0,0,2936,0,0,0,0,0
581,172697,3691,9789,0,834,516,0,0,391768,7167,3301,0,0,61,0,0,0,0,0
560,250663,2590,927,0,1350,1045,0,0,170556,31418,131270,0,0,5,0,0,0,0,0
609,221726,14731,6378,39,3886,9088,0,1336,181304,15031,131030,70,0,4493,13,692,0,0,7
761,202845,36627,127175,2,1929,12386,1102,1860,34370,2155,156664,12463,0,223,0,0,0,0,23
892,222354,27243,13108,1747,18714,16014,3155,32,101090,1627,172884,1934,0,9162,0,610,150,0,0
217,265752,9636,128,0,192,4407,0,317,141944,3152,163769,34,0,493,0,0,0,0,0
778,197717,4966,1241,1028,25969,0,0,0,244271,35597,75667,0,0,3368,0,0,0,0,0
1101,238699,4288,45693,810,24146,3392,127,4,40102,13263,211465,199,0,3507,3985,0,0,0,144
985,243546,17983,33734,2692,5392,6718,3010,1523,128912,10998,132972,9,0,1249,20,0,0,1043,23
532,228336,18986,0,22,8489,348,0,21,288330,1985,43294,0,0,13,0,0,0,0,0
27,256536,1241,53815,3090,19395,1277,5,6,19878,868,209096,8,0,21674,0,2935,0,0,0
858,204550,35332,23956,371,0,5243,0,1245,239813,15161,63986,0,0,137,0,0,0,0,30
725,159553,18193,409,228,53,6735,0,847,316540,76922,9931,47,0,366,0,0,0,0,0
688,230746,4639,11161,0,0,0,0,0,237253,45554,60467,0,0,4,0,0,0,0,0
1005,222949,13544,91290,7512,3732,4576,101,109,58823,2571,158053,182,12,26155,0,0,0,215,0
63,262240,1837,17542,61,20236,2606,0,122,49343,2293,231741,2,0,1269,32,500,0,0,0
582,216741,40999,379,5867,0,413,0,0,246092,8055,71278,0,0,0,0,0,0,0,0
736,252013,30002,2,1202,4530,677,4,17,219691,2996,78685,0,0,5,0,0,0,0,0
1010,254504,13073,5066,674,3008,1890,0,33,161568,2019,139388,0,0,8042,0,0,559,0,0
759,242467,15204,7887,17,10681,4974,87,207,155658,8101,144540,0,0,1,0,0,0,0,0
961,261453,1590,2830,0,0,3149,2198,439,113746,7344,181536,9,0,15530,0,0,0,0,0
123,259539,4215,135,6751,406,2927,3069,324,53660,5893,252502,0,0,403,0,0,0,0,0
972,190168,1887,186,177,4746,2700,0,69,176498,855,154046,0,0,57688,8,793,3,0,0
997,240792,9268,28604,0,8967,5582,2890,254,84211,5706,198141,142,0,2167,0,0,3100,0,0
887,199784,19152,10897,71,4238,1121,0,451,227137,28055,96893,34,0,1531,0,0,0,360,100
544,268081,13418,794,4753,732,1309,10,69,156082,11301,132452,46,0,694,0,59,24,0,0
1079,243143,4736,12636,1,5555,462,27,5,236953,7302,74454,347,0,4203,0,0,0,0,0
687,179868,36031,966,29,27047,2490,0,16,288618,32904,21430,0,0,425,0,0,0,0,0
777,189363,580,4297,0,26008,377,0,0,258716,54569,50749,0,0,5165,0,0,0,0,0
661,270565,10253,14006,0,90,551,10,118,37809,1526,245562,0,0,8494,486,117,237,0,0
2,236729,432,27,31469,0,666,0,0,195789,1250,119763,0,0,3621,0,78,0,0,0
269,235450,18089,2299,747,29,1862,0,0,49674,6230,274300,0,0,1144,0,0,0,0,0
515,199876,1035,14207,0,7422,1219,0,15,228024,1546,121184,135,0,15161,0,0,0,0,0
514,177703,2349,15348,0,2880,461,30,27,214891,798,142897,0,105,32332,0,0,0,0,3
966,258327,1600,14097,0,1060,1035,23,114,145989,15918,150554,6,0,1101,0,0,0,0,0
601,256604,5901,26,76,253,1792,3955,3116,74697,25344,215472,4,0,1350,1234,0,0,0,0
902,212234,1222,3159,0,0,208,0,45,263823,33353,71350,14,0,4416,0,0,0,0,0
142,256745,8,4924,0,0,429,84,64,188899,11389,127184,0,0,98,0,0,0,0,0
215,240340,3756,0,1319,2029,21,0,5,183659,8245,150211,0,0,239,0,0,0,0,0
374,228409,11472,16762,489,14790,7302,0,0,129671,25,160992,0,0,19867,45,0,0,0,0
531,209374,8640,73,0,125,1102,0,0,338922,16073,15515,0,0,0,0,0,0,0,0
429,243777,13793,9764,1318,6124,3030,0,65,115317,12403,182426,0,0,1807,0,0,0,0,0
1026,224319,36866,70971,0,42764,4964,16,230,9540,493,197316,117,0,1445,0,783,0,0,0
87,220645,10313,91631,6838,13679,3871,6,129,105209,0,125042,0,0,254,12196,11,0,0,0
952,243928,11847,30670,0,0,5432,3988,430,29970,4486,236343,367,0,22363,0,0,0,0,0
735,180360,51187,0,5318,1835,144,0,0,231176,5093,114524,0,0,187,0,0,0,0,0
1021,240592,8628,39483,0,1912,3238,1840,584,61154,15086,207309,13,0,9985,0,0,0,0,0
204,172615,17675,9,108,0,8860,153,20,245553,38850,105220,0,0,761,0,0,0,0,0
282,202247,40837,67031,0,16520,1209,0,90,172899,427,88116,0,0,448,0,0,0,0,0
383,162558,7211,14888,1497,830,3593,42,39,377001,16692,16,942,74,4368,0,0,0,20,53
713,230287,1922,11998,3519,208,7382,2143,1885,48775,25346,235942,26,0,19730,41,620,0,0,0
722,155036,63234,20877,492,10902,2419,5,606,251972,7108,76825,0,0,347,0,0,0,0,1
979,213578,1313,7480,7881,10710,106,0,0,51264,55637,238899,0,0,1690,0,0,0,0,1266
390,209879,0,8204,3770,233,6158,0,659,180660,42280,119507,102,0,13074,845,4407,0,0,46
247,263942,7080,7105,195,10808,662,0,0,54548,6155,239329,0,0,0,0,0,0,0,0
597,226659,23595,33308,38,2607,1702,1,1648,175745,38830,85363,64,0,264,0,0,0,0,0
453,195505,20843,51888,0,21032,1837,0,80,57160,49132,186975,0,0,5372,0,0,0,0,0
568,189579,502,1881,0,84,3721,0,2,115272,101945,176819,0,0,19,0,0,0,0,0
790,231295,27654,73960,0,18390,6390,0,6,203153,115,20532,37,0,8292,0,0,0,0,0
995,231569,660,6881,116,33,2599,0,1863,45186,17743,237267,0,0,45907,0,0,0,0,0
673,212408,20578,9637,0,539,9112,1386,44,139285,25816,169955,244,0,820,0,0,0,0,0
781,249816,9853,14677,117,9477,4221,698,0,57678,1711,234530,68,0,5485,0,0,1493,0,0
817,215501,465,2,0,0,486,34,73,266897,31681,74685,0,0,0,0,0,0,0,0
209,226598,30504,15363,0,291,1319,0,2691,161455,8406,142463,0,0,734,0,0,0,0,0
220,273951,1597,24919,0,58,950,839,118,112527,762,164160,0,0,9943,0,0,0,0,0
64,274476,1540,0,3971,1217,189,0,1,42856,2346,258622,0,0,4295,0,0,311,0,0
737,223356,17517,74,0,0,2916,30,381,240962,3142,101294,135,0,17,0,0,0,0,0
409,242106,22043,321,3,4191,312,5,18,225027,5044,90754,0,0,0,0,0,0,0,0
1053,265145,2715,26273,0,141,4760,2925,2075,42936,19646,221111,90,0,2007,0,0,0,0,0
430,213833,9595,4763,0,0,3461,0,61,179972,35649,141002,0,0,1488,0,0,0,0,0
12,245816,314,1355,7203,7856,1201,0,126,69044,22828,230688,0,0,3393,0,0,0,0,0
259,256976,7973,75044,2923,60,1661,26,32,4760,3707,230404,66,0,5787,180,173,34,0,18
903,218779,20911,21470,2283,85,3458,0,48,203622,38022,81123,0,0,23,0,0,0,0,0
835,186411,0,178,1348,440,6157,14,24,286770,75453,32767,214,0,48,0,0,0,0,0
381,187872,18286,35268,167,0,1387,0,0,234231,42785,66568,7,0,3253,0,0,0,0,0
573,251190,36114,188496,4112,4253,5646,1793,526,68881,1017,27399,93,0,164,0,0,29,14,97
443,214921,25857,7095,2762,0,0,0,0,247573,36438,43754,0,0,11424,0,0,0,0,0
65,253489,735,2460,0,2184,66,0,0,27110,61792,239260,0,0,2725,0,3,0,0,0
276,207379,1628,600,0,50,1457,0,284,187425,7620,132674,990,0,49717,0,0,0,0,0
184,250412,3204,2138,0,3481,5505,2856,1497,71922,22560,218252,0,0,6249,1748,0,0,0,0
353,167709,31511,13276,106,66665,5,0,0,306116,3527,697,15,0,197,0,0,0,0,0
960,240827,2798,85,0,8,1994,2586,1486,105196,16577,208667,18,0,9582,0,0,0,0,0
802,244182,12087,1028,2614,24036,1735,20,262,34999,11701,256681,151,0,86,0,9,0,0,233
914,218953,53425,6727,1021,365,7311,45,1778,39989,10963,244647,130,0,4342,93,0,35,0,0
366,508952,59,9442,13784,0,0,0,0,1789,0,55481,0,0,203,0,0,0,0,114
937,250582,12070,107558,1,135,6832,755,0,56922,194,138450,0,0,16325,0,0,0,0,0
773,242328,10929,10119,2057,7562,7978,1,547,201548,33404,72722,0,0,629,0,0,0,0,0
56,227914,4319,3154,19578,2264,1095,0,23,59698,11877,259187,0,0,715,0,0,0,0,0
613,245852,29966,23333,235,327,11175,4281,1242,148883,1716,120633,145,0,1921,0,0,0,0,115
109,251436,15697,10773,13,5681,3822,26,913,41190,787,252371,0,0,7038,77,0,0,0,0
333,226948,5617,39940,1739,3536,139,0,0,241659,61556,8685,0,0,5,0,0,0,0,0
821,289805,2160,40169,0,1818,3009,3060,703,66981,10004,172115,0,0,0,0,0,0,0,0
135,222531,660,13465,0,5633,1232,0,56,183704,33523,105221,1362,9866,12454,0,0,0,0,117
590,246662,28551,9148,4655,18881,73,0,27,161938,4350,115031,138,0,370,0,0,0,0,0
484,234352,1375,144,0,21345,589,0,0,290215,21780,19813,0,0,211,0,0,0,0,0
578,198218,18679,63,593,2240,47,0,0,232665,35997,101317,0,0,5,0,0,0,0,0
398,187771,120,25019,0,17,6843,0,23,175475,75839,103686,204,268,12040,2259,0,0,233,27
80,271055,25989,62874,3887,4439,10200,0,0,75847,27411,107353,0,0,225,530,14,0,0,0
108,256703,1766,2204,24411,792,899,26,633,18553,1949,269288,0,0,6287,6210,103,0,0,0
222,213270,26251,7,61,19,796,0,275,219343,35834,91937,17,0,2014,0,0,0,0,0
819,211087,26788,128,0,82,675,0,0,254937,13544,82583,0,0,0,0,0,0,0,0
44,244539,1457,4130,754,9879,206,38,1220,3304,528,266021,177,0,3061,45,54465,0,0,0
491,214125,40,7774,0,10122,790,0,0,285040,0,50963,0,0,20970,0,0,0,0,0
931,243245,16722,9190,1199,2223,1626,200,313,46334,1958,242446,112,0,8324,3761,4876,7026,253,16
267,206793,15748,158794,1811,146,6294,259,84,23910,300,174993,0,0,436,0,237,19,0,0
721,231427,25184,90976,0,0,0,0,0,77677,181,164017,0,0,362,0,0,0,0,0
53,232298,1274,13060,1052,2019,2223,0,12,25695,55298,255204,30,0,1659,0,0,0,0,0
299,180909,45432,9285,141,463,866,0,17,170005,33896,143391,59,0,0,5360,0,0,0,0
853,254381,18469,5286,1283,13,4574,1147,442,111063,1783,187074,0,0,1229,3039,0,0,0,41
277,246894,0,1667,0,5,679,1144,118,236298,8267,94306,0,0,446,0,0,0,0,0
379,508952,59,9442,13784,0,0,0,0,1789,0,55481,0,0,203,0,0,0,0,114
454,201953,15635,40277,0,4023,10640,0,0,95406,25296,186833,1,0,9711,0,0,0,48,1
996,263770,123,181,6689,1122,1053,145,26,52297,12160,246003,123,0,677,0,5385,70,0,0
149,189291,44129,402,0,38854,4595,0,2155,155500,34,143651,0,0,11213,0,0,0,0,0
364,188536,6158,11993,1,4541,2189,0,0,296883,67459,4079,200,0,7785,0,0,0,0,0
75,244688,561,154,4332,6575,0,0,0,144473,7807,177490,96,0,3332,0,22,294,0,0
16,240201,4916,10754,11368,164,1644,0,196,117073,10194,184324,0,0,5580,3379,31,0,0,0
1048,247418,8664,125412,779,2036,3233,1748,1070,105853,2570,78141,646,0,12155,0,0,0,90,9
856,234340,0,6637,0,5779,636,0,0,155009,27224,160199,0,0,0,0,0,0,0,0
911,203466,34664,14429,0,14111,2292,0,91,65769,43184,211476,152,0,164,0,0,26,0,0
363,181533,43932,44851,91,264,1991,0,818,186077,29220,99761,1,5,1252,0,0,0,7,21
598,195407,36875,15133,662,19985,13455,0,0,214326,7104,86439,0,0,438,0,0,0,0,0
235,235598,31987,11384,0,28,378,0,0,74160,11543,224450,42,0,195,0,0,0,0,59
458,191908,1768,44445,115,3332,921,0,85,100787,62252,182131,50,0,1994,36,0,0,0,0
659,193223,8241,16467,0,4,4698,136,37,102992,31689,193294,0,0,37943,0,0,1031,0,69
126,268573,12055,1610,94,63,770,0,295,144129,14224,146021,0,0,1990,0,0,0,0,0
301,236870,25257,1200,202,3632,7545,0,174,39371,13063,255362,623,0,298,1057,0,5170,0,0
831,253220,12447,112591,73,4332,4698,0,297,62694,15794,123576,0,0,94,8,0,0,0,0
97,210152,5617,38083,6813,6255,1479,0,191,4297,1944,231604,0,0,60231,14030,9128,0,0,0
912,197097,56645,30433,592,18907,16919,2600,580,93849,2974,166082,0,0,75,0,0,3071,0,0
253,198657,13315,1136,0,56,8769,0,8,185752,35109,146130,0,0,892,0,0,0,0,0
107,243356,1179,66,49132,8941,306,0,0,14506,27,259424,0,0,12887,0,0,0,0,0
1116,206006,35099,11373,706,2830,16708,161,3844,75001,12442,216602,2997,0,5901,0,0,0,0,154
251,198140,0,7009,415,10,450,51,1390,47316,20039,253078,0,0,60970,940,16,0,0,0
554,247429,16686,19273,159,0,1266,75,36,61378,6141,229999,41,0,6507,80,754,0,0,0
585,266929,1231,5349,0,0,1611,0,1140,292791,10719,9458,105,0,491,0,0,0,0,0
1028,240878,9085,88164,222,0,325,13,345,22039,4986,192140,8,0,31619,0,0,0,0,0
70,243278,1197,7922,6130,2750,210,0,183,85507,699,224503,0,0,17331,112,0,0,2,0
749,220803,28846,3592,0,3761,3548,0,56,213923,29252,83906,0,0,2137,0,0,0,0,0
859,198761,14979,621,0,250,451,0,1,266325,47093,61096,0,0,247,0,0,0,0,0
186,199064,2769,143302,2213,87,729,0,0,83168,1275,81702,0,0,1920,67521,5764,310,0,0
396,87023,223,23,0,1468,475,0,0,462852,26605,11155,0,0,0,0,0,0,0,0
61,269752,322,1784,3464,7536,0,0,92,116838,15210,164563,0,0,10263,0,0,0,0,0
214,249890,7915,2616,1148,195,6,0,0,166168,1491,136980,0,0,23415,0,0,0,0,0
517,243105,14376,58033,846,10018,6203,11262,97,71464,20567,145747,59,1311,6736,0,0,0,0,0
257,260091,11284,80656,337,11329,1409,0,380,14425,1843,204560,377,0,2036,0,146,614,0,337
1031,232873,14396,14853,1567,4841,2601,0,555,171094,3648,130416,58,0,12673,249,0,0,0,0
801,233013,0,8565,200,1851,4500,0,5569,23318,32833,273468,0,0,275,6215,12,5,0,0
268,236007,20507,18515,1,11300,9434,0,1044,56804,9075,226621,44,0,44,0,0,0,0,428
92,228059,15353,0,15,0,40,0,23,77606,25431,227767,13,0,2110,13407,0,0,0,0
724,185499,28746,0,0,36577,8630,0,0,273468,11845,41071,1792,531,1093,0,0,0,0,572
746,229703,7743,2489,4922,1476,138,0,790,146562,31796,161891,0,0,2314,0,0,0,0,0
643,172413,55670,27352,159,7420,11116,0,648,248283,887,63424,564,0,1860,0,0,0,0,28
130,213256,20496,12373,71,0,1428,0,818,224327,27734,88808,0,0,513,0,0,0,0,0
595,252026,22951,7193,2543,1551,3378,45,0,71089,4182,223733,189,0,944,0,0,0,0,0
32,164908,1323,6040,1743,0,546,0,0,1217,0,194592,0,0,15429,203630,396,0,0,0
403,198939,34261,128,9220,3558,2346,0,0,302847,32558,3938,0,0,2029,0,0,0,0,0
139,232015,4205,32390,4145,5338,805,0,4,129251,24705,154497,0,0,2469,0,0,0,0,0
1034,245213,721,2488,17990,14260,3108,90,1017,21276,12250,265899,17,0,5470,0,0,25,0,0
969,241992,16417,30456,30,0,13893,5215,0,33522,21047,224000,13,0,3176,0,0,0,63,0
14,251934,2274,4,32,190,3819,0,90,78412,25733,224956,0,0,2380,0,0,0,0,0
169,237078,17135,4422,95,2107,1464,0,284,154319,40736,132141,0,0,43,0,0,0,0,0
666,256039,14140,322,0,0,1792,0,0,278263,1629,36348,0,0,1291,0,0,0,0,0
537,251739,13911,211051,0,790,1036,1791,159,30871,200,69172,2287,0,3206,0,2980,28,0,603
30,269429,2657,19395,48027,7636,402,0,55,91632,2615,147722,0,0,254,0,0,0,0,0
449,174789,55096,13661,1718,14721,5729,0,989,161562,2282,149512,0,0,9523,0,0,242,0,0
460,152682,90549,11453,133,29559,80,0,810,286951,8822,8785,0,0,0,0,0,0,0,0
1115,207249,20922,4741,535,41,3926,0,0,197135,25702,126638,0,0,2935,0,0,0,0,0
1003,190652,45948,22039,1932,2667,12325,92,3941,163845,133,139703,0,0,5016,61,17,1453,0,0
385,218163,28074,17846,0,2332,2355,47,82,128246,13243,178928,0,0,430,0,78,0,0,0
448,210373,2840,4668,1339,3501,2062,0,0,220597,47605,94072,0,0,2767,0,0,0,0,0
99,179527,2041,36167,6658,26871,1588,0,402,13127,3842,218813,0,1181,89977,2245,42,35,7308,0
466,166186,1176,10335,0,0,4042,0,472,211279,96631,96577,47,0,3052,0,0,0,0,27
327,105605,1128,2814,0,10116,116,0,0,424527,31616,12923,0,0,979,0,0,0,0,0
1063,161584,1261,771,703,2,269,0,20,226268,132566,66348,0,0,32,0,0,0,0,0
964,225554,4494,148106,289,61982,8066,0,492,27718,253,112678,0,165,0,0,0,0,0,27
896,226559,3467,9051,0,0,828,0,41,227643,52722,69016,3,0,494,0,0,0,0,0
755,216673,10812,8696,58,1338,845,288,25,162763,8084,179548,0,0,694,0,0,0,0,0
508,240082,28765,65502,1988,3620,1512,0,0,150787,9700,87048,66,0,747,0,0,0,0,7
335,200610,12710,8,0,0,654,0,6,350686,24419,0,0,0,731,0,0,0,0,0
927,263181,456,378,11735,5079,778,0,0,117896,15150,169924,0,0,5136,0,0,0,111,0
799,201600,31792,1338,246,0,2286,0,157,332249,0,11308,5,0,8843,0,0,0,0,0
857,194850,29809,0,553,0,160,0,0,317850,15811,30775,0,0,16,0,0,0,0,0
100,255805,1058,8401,1090,11574,134,44,1043,10726,1446,265189,44,0,12811,1901,18555,0,0,3
35,256556,3670,0,0,0,27,0,0,116371,20582,191626,0,0,992,0,0,0,0,0
936,256267,2399,91,534,4555,1,0,57,171015,783,152721,0,0,1401,0,0,0,0,0
651,200054,38853,33317,12294,151,1036,4,36,34334,7729,244716,30,0,16684,238,289,59,0,0
769,204869,867,2921,1644,5162,2734,325,641,212591,30825,124985,9,0,544,0,1707,0,0,0
304,218246,51842,2234,32,0,5342,84,736,53755,14349,238173,110,143,2927,0,1345,0,504,2
230,221498,13981,54796,0,259,2288,0,0,263873,6712,535,125,0,25757,0,0,0,0,0
1094,198805,656,192,1,3234,409,0,630,177722,37142,160490,0,0,10543,0,0,0,0,0
452,227565,27682,18332,0,15025,5444,0,21,144797,16924,130816,60,0,2530,0,0,0,0,628
1085,222553,17916,60538,66,3125,17251,2439,1505,44112,1425,186376,0,0,32518,0,0,0,0,0
941,271423,5803,56864,108,2441,926,1637,99,44867,433,196707,0,0,4444,4072,0,0,0,0
744,256739,12308,23420,22,195,894,0,78,133590,8938,145660,633,0,6959,0,388,0,0,0
665,222490,1164,1084,0,0,2563,0,349,285559,10328,62552,0,0,3735,0,0,0,0,0
976,248073,17043,53374,3246,3431,1368,80,615,122730,2589,136615,0,0,660,0,0,0,0,0
110,265342,2991,24717,10924,465,3365,0,1333,43386,8666,227280,0,0,1355,0,0,0,0,0
1052,273129,711,26577,2348,8462,10832,1313,3216,27045,957,232228,341,0,2556,0,0,109,0,0
77,158236,1273,3138,353,2258,3838,1132,3002,68961,3270,220002,0,0,10561,113170,2,628,0,0
49,247143,5922,466,3361,0,2,0,32,146130,4047,172566,180,0,7038,2937,0,0,0,0
893,155822,102,0,0,699,728,0,1243,250883,87222,90135,0,0,2990,0,0,0,0,0
426,246628,21254,56477,0,0,383,0,0,165372,21372,74623,6,0,3708,0,0,0,0,1
6,272069,10248,264337,20814,9816,346,0,172,3012,0,5441,0,0,3569,0,0,0,0,0
766,224418,21103,464,0,1909,5403,0,121,184806,1426,137922,0,0,12252,0,0,0,0,0
915,184073,42403,13598,118,2379,3825,0,1673,30549,58236,246623,0,0,5952,0,17,23,340,15
407,140279,83715,34558,0,71,33,0,44,202541,27160,95574,0,0,5849,0,0,0,0,0
1075,163534,10069,768,304,1571,3797,0,776,209743,90130,106917,0,0,2215,0,0,0,0,0
889,228994,13024,19432,67,50,6036,562,1354,162105,3316,138527,921,0,14575,808,0,0,0,53
518,200726,45245,39041,71,10311,367,0,2,121247,22046,149859,0,0,885,0,0,0,0,24
488,239674,1106,30182,0,0,1097,0,488,64553,28189,221570,0,0,2965,0,0,0,0,0
291,280115,13164,1424,37,1724,3481,466,2700,25386,9601,246761,5,0,1795,0,3025,140,0,0
451,228908,15930,11637,720,6887,662,0,0,174630,11193,131391,0,0,7866,0,0,0,0,0
899,189927,20739,3302,163,5005,959,0,15,309860,56002,0,26,0,3706,0,0,0,120,0
182,256613,2299,27,7763,36060,626,0,124,55816,0,229198,0,0,1298,0,0,0,0,0
423,177960,24277,33858,0,37047,447,0,29,244889,25312,41659,47,0,4299,0,0,0,0,0
342,212185,4399,5507,126,4443,718,0,162,126837,66940,167443,1,0,1040,23,0,0,0,0
229,200537,14582,66225,171,5389,3996,1874,1306,214550,417,40601,0,0,40176,0,0,0,0,0
384,219919,0,8008,0,0,190,0,10,250652,75890,30422,0,0,4047,686,0,0,0,0
200,258108,11010,25741,1,122,1114,0,0,68896,13387,205069,0,0,6376,0,0,0,0,0
541,266440,4545,10352,0,317,4003,4302,1513,44892,604,243346,0,0,7604,1900,0,0,0,6
657,265406,8112,78007,234,7220,5043,1361,283,32967,1790,179887,0,0,9514,0,0,0,0,0
1041,259123,10181,10345,1332,9255,4230,663,460,76086,1982,215001,33,0,1133,0,0,0,0,0
1095,203961,2172,53,6151,7858,9557,0,110,81676,37465,217719,8,0,23094,0,0,0,0,0
165,189675,22,0,0,0,0,0,0,245565,56217,96729,0,0,1616,0,0,0,0,0
285,264411,9703,15549,1079,0,787,0,100,127711,14604,155709,29,0,142,0,0,0,0,0
742,219356,38780,19253,22,12923,5025,0,0,211791,13389,66714,0,0,2571,0,0,0,0,0
248,247442,4089,27326,524,802,1873,1,45,42729,15559,242850,1,0,6583,0,0,0,0,0
639,246505,12918,228,1,0,460,0,0,66251,39195,223572,1,0,693,0,0,0,0,0
479,508952,59,9442,13784,0,0,0,0,1789,0,55481,0,0,203,0,0,0,0,114
963,199207,84,1063,116,24,242,0,819,121622,100836,163401,0,0,2410,0,0,0,0,0
343,201263,11297,5088,0,0,1721,0,77,252005,48839,66953,0,0,2535,0,0,0,0,46
739,222502,10525,234,1412,5110,2510,239,543,260484,5244,69040,0,0,11981,0,0,0,0,0
50,254485,29,0,0,0,71,0,0,41958,48932,244326,0,0,23,0,0,0,0,0
140,235991,22940,22416,0,11345,3183,3824,17329,130450,9607,131094,552,0,1002,0,0,0,91,0
917,233519,4564,30291,4364,156,2937,874,14,110798,751,169698,0,0,31721,137,0,0,0,0
347,189813,686,49850,4088,225,562,0,0,98832,0,174097,0,0,65915,4200,1556,0,0,0
320,235759,16351,7948,0,0,65,0,0,146389,2215,181091,0,0,6,0,0,0,0,0
405,248237,1320,22536,0,3597,0,0,4,205766,25875,82489,0,0,0,0,0,0,0,0
947,258681,19354,72043,675,12623,4895,22,140,41333,2127,174873,37,0,2981,0,40,0,0,0
783,229589,22378,64341,2485,28748,2136,3,0,63627,0,173692,0,0,2825,0,0,0,0,0
923,235396,7634,62,138,0,146,0,60,63573,52299,225701,0,0,4815,0,0,0,0,0
234,215752,43383,2440,3,28,999,0,31,75757,11808,238288,5,0,1246,0,32,52,0,0
153,255560,13909,11823,159,1613,8779,3486,4467,45206,1667,237271,184,0,5149,405,9,136,0,1
791,216644,25990,106509,0,14473,2601,0,2572,132099,123,80096,0,0,8449,0,261,0,0,7
389,208997,41,17215,0,2056,10,0,0,109800,51203,196174,0,0,4301,27,0,0,0,0
686,204658,6618,1826,1413,18577,1275,0,607,249504,48506,56653,0,0,187,0,0,0,0,0
438,191023,22273,19378,93,1690,416,0,0,146011,30472,151250,0,0,21926,0,0,5292,0,0
499,238314,18534,51395,367,2465,425,0,0,247999,6051,24268,0,0,6,0,0,0,0,0
626,248627,8215,3470,0,10,2740,0,0,233390,28167,65148,0,0,57,0,0,0,0,0
421,221720,24996,17634,171,5419,9937,0,168,159946,20925,124861,0,0,4032,0,0,0,0,15
1083,214452,16216,63352,1413,24269,18042,208,1289,14896,14548,200270,202,0,9866,272,11,10518,0,0
934,215099,6329,0,350,0,167,0,0,179169,31302,156330,1,0,1076,0,0,0,0,1
612,207341,36790,4177,1301,3914,24949,0,8444,181406,8041,108422,6,0,4896,116,0,0,0,21
823,265556,20289,12245,0,1548,1912,0,0,149765,13088,124384,0,0,418,0,619,0,0,0
495,508952,59,9442,13784,0,0,0,0,1789,0,55481,0,0,203,0,0,0,0,114
202,212071,9672,2136,45,17,2543,0,0,274284,16896,72158,0,0,2,0,0,0,0,0
708,250372,17456,10390,0,216,4834,3410,439,74210,6637,214134,0,0,7692,0,34,0,0,0
971,254142,17116,20557,77,1152,161,0,0,141746,2600,151412,0,0,823,0,0,0,0,38
73,256479,234,46208,9516,10232,760,0,20,44808,11401,203912,0,0,6254,0,0,0,0,0
1029,237265,18775,17908,0,67,5720,578,0,162210,4838,136052,135,0,6274,0,0,0,0,2
908,175129,0,13523,0,0,10930,0,44,241345,85627,54792,0,0,8072,0,0,362,0,0
589,231424,1589,860,824,2291,172,0,84,90674,20225,236946,0,0,4728,0,0,0,0,7
1103,202073,33833,43250,306,3426,4271,0,0,149042,27656,114114,0,0,11853,0,0,0,0,0
1047,249764,11451,83514,992,1169,2136,16,0,190199,2754,34767,230,0,12832,0,0,0,0,0
106,237735,855,2136,42151,1357,923,35,0,17860,77,271689,3,0,15003,0,0,0,0,0
1009,232386,12639,12991,0,16622,1692,0,323,144679,13110,154117,20,7,1118,0,0,120,0,0
748,220240,25327,1555,0,7672,1405,0,0,148467,61262,123778,0,0,3,0,0,115,0,0
361,215709,18682,34700,0,10009,8,0,0,234820,13868,62028,0,0,0,0,0,0,0,0
471,184418,10052,1848,2874,246,297,0,2,209650,77398,102924,0,0,115,0,0,0,0,0
191,256607,3860,27214,315,27,4185,0,0,98857,3314,176839,417,0,17750,187,125,9,118,0
874,176500,3774,23,1650,3888,2377,0,0,198189,57897,145359,0,0,167,0,0,0,0,0
340,201071,39038,57296,0,0,717,8,58,125406,4555,158438,0,0,3237,0,0,0,0,0
641,181500,15240,90493,311,5307,6608,1215,5640,182769,309,43012,561,0,56855,0,0,0,0,4
675,262850,13163,151,91,108,1430,27,0,173319,639,137830,0,0,146,70,0,0,0,0
1014,260244,14273,47086,32,0,149,0,0,186177,6656,74637,31,0,539,0,0,0,0,0
261,269512,13490,37064,221,425,4039,4039,5566,25782,3922,218879,76,0,6613,13,181,0,1,1
718,226549,14297,3405,0,8860,6636,0,0,203076,43666,83206,0,0,10,0,0,0,119,0
360,508952,59,9442,13784,0,0,0,0,1789,0,55481,0,0,203,0,0,0,0,114
160,272271,8482,10759,1789,6440,2931,2490,694,34521,2072,243437,14,253,1488,174,11,134,1844,20
672,239003,867,397,0,0,0,0,0,308386,40874,160,0,0,137,0,0,0,0,0
485,177986,18465,20304,450,3,774,0,7,117309,67416,183937,14,0,3156,3,0,0,0,0
464,236668,11358,72096,0,4787,1133,0,1,40650,25805,196590,655,0,81,0,0,0,0,0
386,205226,31113,16443,120,11590,7585,1,46,85593,19470,209308,310,0,3019,0,0,0,0,0
58,259729,406,6157,263,3724,2153,13,134,25175,8708,276975,86,0,6095,206,0,0,0,0
393,190410,2484,23193,0,220,57,0,9,115244,35027,223046,0,0,35,0,0,0,0,99
756,254830,2538,10841,0,0,5716,2203,9,193096,13629,97060,0,0,9902,0,0,0,0,0
1088,237779,29233,19520,0,446,5765,0,392,86901,8987,193045,0,0,4388,3368,0,0,0,0
738,194721,21646,32,60,1,1779,232,98,282189,5139,83728,0,0,199,0,0,0,0,0
587,242638,10828,13148,0,3123,1192,0,0,211229,13292,93788,0,0,586,0,0,0,0,0
762,221967,3820,71838,0,0,15466,0,301,115602,2718,114895,64,0,43083,0,0,0,0,70
624,248167,18089,45197,247,25314,4112,1641,32,30512,3177,212690,5,0,473,0,0,0,0,168
1097,259661,6629,3982,8058,231,6147,0,90,73366,18290,209582,88,0,2601,0,0,1099,0,0
440,168475,623,15174,156,6889,729,0,43,198560,96053,93832,0,0,7375,18,1897,0,0,0
1020,237367,16291,85899,2263,12358,23088,1183,4992,52078,966,146820,1140,215,5142,0,0,0,0,22
76,227550,1322,0,7013,3192,572,0,542,145588,15891,179484,0,0,8497,173,0,0,0,0
850,186342,40568,8892,200,734,102,0,0,166406,20968,165612,0,0,0,0,0,0,0,0
356,508952,59,9442,13784,0,0,0,0,1789,0,55481,0,0,203,0,0,0,0,114
981,233059,28479,11508,0,46,2318,56,2032,194428,11455,102980,0,0,1302,0,0,2152,0,9
586,185803,3693,777,0,0,216,0,0,354821,24475,19774,0,0,265,0,0,0,0,0
707,251303,23360,19635,703,168,4721,0,578,22841,184,249772,0,0,9926,5994,0,639,0,0
930,244140,18376,28274,0,12295,719,0,1392,107590,2273,173664,549,1,513,0,0,0,0,38
879,203449,2910,10148,4061,39673,7,0,0,123444,41018,137620,0,0,27397,0,0,0,0,97
42,263971,2907,17503,526,4977,1369,20,504,12612,15119,264888,62,0,5017,0,349,0,0,0
650,208726,48152,6645,3652,9941,25350,9,1,80291,6489,194223,466,70,5809,0,0,0,0,0
723,162179,654,7445,396,11883,1129,0,38,276937,84248,44455,330,0,130,0,0,0,0,0
354,508952,59,9442,13784,0,0,0,0,1789,0,55481,0,0,203,0,0,0,0,114
242,258097,5442,13370,831,512,1135,44,123,71542,3111,221841,0,0,13776,0,0,0,0,0
826,226259,3271,32202,1367,6267,1450,0,0,253453,30123,34832,0,0,582,18,0,0,0,0
270,279462,18524,1579,242,6975,450,63,27,25951,4955,250907,0,0,689,0,0,0,0,0
556,253054,9033,2216,48,11,695,0,97,68585,13465,241730,562,0,328,0,0,0,0,0
571,201593,6277,0,0,0,7,0,0,333322,45389,3236,0,0,0,0,0,0,0,0
211,238932,1096,16212,66,2395,1001,0,0,259961,29275,40526,0,0,163,0,0,197,0,0
510,152227,636,31101,904,2551,68,0,11,306216,62272,27316,0,0,6522,0,0,0,0,0
634,223334,9026,61416,0,248,187,0,827,206423,0,47655,0,0,40708,0,0,0,0,0
986,218350,2641,28564,0,6386,922,0,32,307076,21729,2211,125,0,1788,0,0,0,0,0
1040,253607,2000,23377,0,10142,3368,824,639,68244,6090,212022,78,0,9433,0,0,0,0,0
1030,245522,22216,6003,165,13914,2327,0,0,186459,602,103780,0,0,8444,0,0,392,0,0
529,209800,2731,5057,1,0,261,0,0,326692,20948,24334,0,0,0,0,0,0,0,0
474,221350,29307,9610,0,8095,1213,0,143,129104,55806,134049,1,0,1135,0,0,0,0,11
628,223387,12747,18957,864,559,1028,41,1,161091,49981,120521,0,0,623,0,0,0,0,24
113,237002,3779,0,800,0,104,0,2509,115465,38175,179195,0,0,12795,0,0,0,0,0
121,240879,10033,16888,45,54,4750,1460,497,38761,8919,251990,436,0,15044,62,0,6,0,0
1100,258750,19807,2320,1454,7093,3922,2538,206,77243,480,215768,146,0,97,0,0,0,0,0
314,219425,18196,156063,119,8141,3771,19,36,90861,378,80364,764,25,4777,100,1314,4681,787,3
820,216916,7706,10344,462,17082,8300,1,59,154507,32726,141589,132,0,0,0,0,0,0,0
486,170736,30112,41536,252,4,169,0,223,45774,75039,223376,113,0,2484,0,0,0,0,6
467,206033,3391,707,0,0,7,0,185,283756,55415,40055,15,0,260,0,0,0,0,0
397,197600,2163,13619,348,1710,453,0,373,170460,58586,135802,0,0,8656,54,0,0,0,0
731,177376,35705,2860,2386,2012,1722,0,0,265031,53908,47976,0,0,848,0,0,0,0,0
921,262368,7327,6784,14,21,3512,2981,1816,49132,1553,248604,0,0,5459,253,0,0,0,0
445,218592,1547,20532,195,8076,2050,0,54,248002,43739,41315,4229,0,1477,16,0,0,0,0
1090,237221,7389,52335,6,19507,930,0,51,191176,8366,57903,344,0,14596,0,0,0,0,0
317,147603,43494,36970,0,0,91,0,0,144163,71,215192,0,0,2240,0,0,0,0,0
567,193155,24603,230,24,658,10711,8,35,100055,53518,204865,36,4,1399,0,0,523,0,0
619,231532,25023,77644,283,1797,4647,62,38,68936,188,169986,0,0,8193,845,440,0,0,210
1061,243705,10058,0,12,4,3579,111,1004,108605,35342,182969,0,0,4435,0,0,0,0,0
935,232612,0,18,0,0,11,0,0,162294,36518,157838,0,0,533,0,0,0,0,0
720,239920,13024,19646,2216,370,9877,0,258,170710,31470,100663,0,0,1670,0,0,0,0,0
306,201184,15474,1667,0,0,337,0,0,225774,77364,68004,0,0,20,0,0,0,0,0
117,221125,18981,111262,2705,8531,456,0,69,135337,3739,71851,152,0,15616,0,0,0,0,0
805,232768,8355,3127,0,4014,636,114,280,262552,54756,23217,0,0,0,0,5,0,0,0
1038,255066,7393,16088,33,658,87,0,0,182881,7662,114050,0,0,5898,8,0,0,0,0
539,253061,16865,71503,5219,7901,1952,0,208,59980,2040,162736,301,0,8058,0,0,0,0,0
206,251699,15513,39308,0,0,2080,0,34,43334,8254,227610,0,0,1992,0,0,0,0,0
157,260263,10806,14344,579,8533,3153,169,53,112767,83,178911,60,0,103,0,0,0,0,0
812,211932,55502,16622,93,825,2527,102,0,110816,10434,176365,0,0,4577,0,0,0,0,29
288,238031,13837,105795,83,1535,3098,0,150,39698,1397,185815,0,0,89,296,0,0,0,0
313,241837,5621,130424,582,32783,4925,0,62,19276,1296,139720,48,481,12769,0,0,0,0,0
689,251366,2481,79400,8201,7255,2916,271,1324,4043,10,215351,79,0,17097,29,1,0,0,0
815,186354,46482,0,272,0,966,0,10,260472,16829,78257,0,0,182,0,0,0,0,0
1002,262208,9054,147959,606,5124,476,0,20,51224,893,102763,59,0,8288,646,0,0,504,0
216,262598,2671,2,872,0,146,0,0,124334,20067,174906,0,0,4192,0,0,0,0,36
741,249971,5651,13296,30,0,3318,3190,913,88064,18774,205043,0,0,1574,0,0,0,0,0
352,189101,7816,15285,0,5530,87,0,7,120996,52207,197739,0,0,1056,0,0,0,0,0
640,239658,3238,402,505,1232,2063,0,0,156258,9690,176455,0,0,323,0,0,0,0,0
323,34071,5966,17950,573,0,0,0,0,301379,185783,43109,0,0,0,0,0,0,0,993
328,508952,59,9442,13784,0,0,0,0,1789,0,55481,0,0,203,0,0,0,0,114
55,242907,1608,215,20153,3031,2529,91,92,119285,7683,187482,0,0,4748,0,0,0,0,0
425,192339,47812,30442,533,294,4960,0,4398,219468,1702,87313,0,0,562,0,0,0,0,1
161,253937,10725,37723,3949,5707,10899,1912,3183,22088,29,228680,3831,0,6232,24,607,67,162,69
692,244948,13095,81560,15203,4190,785,0,0,11861,13,212585,108,0,5349,38,0,0,0,89
865,171799,4946,7483,0,2864,5395,0,0,295765,20711,80861,0,0,0,0,0,0,0,0
618,220149,20854,33878,11187,5846,5493,264,5191,130656,1757,121009,39,0,33497,0,0,0,0,4
616,237897,13391,240042,144,3482,3294,39,132,26113,2630,34460,13,0,28187,0,0,0,0,0
264,275383,2126,1502,0,307,688,14,0,112782,21249,175278,75,0,420,0,0,0,0,0
984,236860,17884,31027,465,252,4222,3349,341,101856,4771,174417,234,0,14111,0,0,0,35,0
195,228754,23374,96446,11,0,5355,0,0,102189,1081,132244,0,0,370,0,0,0,0,0
898,171583,16104,16120,0,25,23378,0,402,229630,62462,67218,55,0,946,0,0,0,301,1600
152,245657,29806,484,0,13041,650,0,1,117038,758,182077,0,0,160,152,0,0,0,0
254,212926,18783,10362,0,3350,568,0,448,118679,40647,175942,52,0,5705,1659,694,0,0,9
649,251150,2174,5920,0,4350,10296,3023,905,72282,9652,221538,35,0,1180,7304,0,15,0,0
942,224546,13191,85077,103,1744,1910,0,0,140913,2170,94515,250,0,25390,0,0,0,0,15
418,236809,12088,3,0,231,3179,0,20,279583,15605,42291,0,0,15,0,0,0,0,0
345,233724,5315,99350,0,798,401,0,33,89718,1992,123855,0,12,33571,255,610,16,0,174
144,229214,17236,34036,759,1301,5510,0,15,111072,51652,129228,0,0,9801,0,0,0,0,0
1058,237775,8039,3601,404,4228,3809,0,0,143536,31831,153738,18,0,2411,434,0,0,0,0
101,271863,1445,16137,1214,10746,1231,0,0,19995,287,261923,6,0,4977,0,0,0,0,0
939,226127,22519,40658,811,15713,1586,0,163,129352,14296,136421,449,0,1099,0,431,0,181,18
697,240212,23045,4133,160,12019,7143,367,230,78649,6656,214757,1,0,0,0,0,2452,0,0
975,209637,22778,35204,6628,15490,1954,272,1,125804,621,145936,51,0,25206,0,0,0,0,242
596,247083,18563,7474,365,4191,6881,539,401,91505,12742,195665,813,0,3570,0,0,32,0,0
949,233281,13973,60702,15,4172,6413,3730,1764,22920,812,218026,0,0,23614,14,0,0,0,388
825,221747,15745,6651,0,27854,3433,0,0,202935,16794,94410,0,0,255,0,0,0,0,0
496,508952,59,9442,13784,0,0,0,0,1789,0,55481,0,0,203,0,0,0,0,114
494,508952,59,9442,13784,0,0,0,0,1789,0,55481,0,0,203,0,0,0,0,114
763,216087,27775,108309,0,325,1441,33,0,118371,1791,113803,0,0,1732,0,0,0,0,157
4,241932,13861,5447,6301,1510,1093,0,85,44819,10594,262283,0,0,1899,0,0,0,0,0
25,256769,10282,114087,11031,28176,0,0,0,33202,6432,127990,164,0,1653,0,0,0,38,0
751,210713,9742,393,0,7942,712,0,0,264404,29034,66884,0,0,0,0,0,0,0,0
1001,196098,42681,139970,840,18166,6700,3858,1391,52364,2040,122637,0,0,3073,6,0,0,0,0
428,229962,242,6987,0,3053,202,0,0,227468,48264,70645,0,0,3001,0,0,0,0,0
432,223232,11587,18246,0,1684,532,0,0,263909,15010,54271,325,99,867,0,0,0,0,62
670,239511,536,0,0,8592,30,0,0,295127,40821,5207,0,0,0,0,0,0,0,0
690,240227,15769,110166,8265,2522,6239,45,359,2267,70,188343,38,0,15485,29,0,0,0,0
983,231490,9433,189,0,9309,563,0,0,182460,9707,139312,2,0,7359,0,0,0,0,0
115,242648,8310,163,1993,5029,30,0,167,134077,15947,180894,0,0,566,0,0,0,0,0
967,235657,10993,18286,0,12060,2148,0,2640,154051,8369,143623,436,0,1502,0,0,0,0,59
66,217251,18562,1425,19252,12861,9,0,0,95677,13245,191366,7,0,20169,0,0,0,0,0
803,214629,5378,7468,131,22207,2176,0,591,39129,1625,241396,0,0,741,54353,0,0,0,0
19,233580,5161,2847,8369,2192,560,0,386,35949,687,273138,0,0,26955,0,0,0,0,0
298,201959,53207,349,0,8144,275,10,181,246223,370,75772,0,0,3334,0,0,0,0,0
212,250326,11491,18466,6590,192,557,24,8,241551,4655,55945,0,0,19,0,0,0,0,0
239,197807,395,2,0,731,0,0,47,199727,63899,126904,131,0,181,0,0,0,0,0
646,174914,12755,6644,0,552,3842,482,0,222176,57467,92211,0,0,18781,0,0,0,0,0
632,236698,23196,16245,6374,1014,6277,0,782,204702,3424,88512,231,0,2324,0,0,0,45,0
119,225722,5491,65982,4576,1475,1917,0,1,206897,606,65460,0,0,11697,0,0,0,0,0
1012,241706,27446,16414,4,1000,10097,1405,65,85100,5805,195977,71,0,3452,1282,0,0,0,0
685,230656,2331,4365,0,3316,652,0,127,250007,45602,52495,0,0,273,0,0,0,0,0
408,161415,35545,50905,193,20022,1176,4,56,214544,47914,52950,4,0,5095,0,0,0,0,1
249,241154,1977,4483,0,2282,9194,9395,2915,32055,12313,247821,0,0,11216,13558,720,741,0,0
807,172668,1715,0,0,0,416,0,0,306230,83238,25556,0,0,1,0,0,0,0,0
125,239049,2372,561,0,452,1394,2,162,132044,17082,196517,0,0,189,0,0,0,0,0
948,241387,4665,76442,20,6549,6007,4571,2843,37147,3002,186540,0,0,19857,0,759,35,0,0
401,216141,12054,4077,0,0,2426,0,237,244833,28967,78277,0,0,2802,0,0,0,10,0
262,235157,8731,3538,0,113,3377,288,682,156998,6870,165463,0,0,8607,0,0,0,0,0
962,183747,361,8963,3281,2550,70,0,2,103428,97547,188200,130,0,1545,0,0,0,0,0
926,262310,7525,2010,9339,3169,854,0,884,98511,5581,196715,63,0,2857,6,0,0,0,0
584,210219,19518,934,0,18,1687,0,917,258097,43075,55359,0,0,0,0,0,0,0,0
18,258253,4975,883,16104,64,4323,36,734,45445,764,253498,0,0,3820,919,6,0,0,0
420,227684,19426,0,0,0,99,0,0,285792,52609,1907,10,0,2297,0,0,0,0,0
830,190757,46992,827,0,11433,7268,5,840,93113,112,236801,0,0,645,0,0,0,0,1031
325,250959,6022,38441,0,593,0,0,0,162486,23720,105322,0,0,2232,49,0,0,0,0
1076,199006,52741,5,23,0,1311,0,264,197938,25228,105114,0,0,8153,0,0,0,41,0
1074,180364,5778,1017,1322,0,721,0,94,203293,100319,91093,0,0,5823,0,0,0,0,0
447,189344,697,12362,0,2351,619,0,1,197136,74838,104020,0,0,8456,0,0,0,0,0
171,237232,11747,8154,14,842,6218,302,522,241543,2939,78487,20,0,982,819,0,3,0,0
1037,254341,6780,36540,0,79,3210,3152,82,107588,6951,170833,14,0,254,0,0,0,0,0
1006,162187,4789,44094,2833,11412,44,0,2,183704,78,116874,0,0,63807,0,0,0,0,0
434,211466,9564,18148,633,71,471,0,0,160929,31444,149761,0,0,7337,0,0,0,0,0
897,219789,18001,10869,877,694,2426,3,313,216722,28180,86898,316,0,4736,0,0,0,0,0
188,235764,26298,80127,1249,2859,5899,0,1072,69514,3141,159995,1,0,3824,65,0,0,0,16
511,235074,8076,9982,1578,16709,159,0,72,182582,52083,75810,2,0,7185,0,0,0,396,116
1049,265555,6759,28150,6462,12435,2423,9,893,23938,465,240261,0,0,2049,0,0,0,0,425
504,166884,0,0,0,6378,1397,0,207,244090,76039,94648,0,0,181,0,0,0,0,0
174,229199,3469,11056,21525,3724,430,0,0,171036,9673,129889,0,0,9277,0,0,546,0,0
580,231908,7865,307,0,264,935,0,155,269139,11592,67482,0,0,177,0,0,0,0,0
546,224684,24685,5289,16527,2537,903,67,12,95600,4643,207313,0,0,7520,44,0,0,0,0
28,265135,6476,65953,0,770,1883,171,793,6382,2024,231492,2,0,7580,0,1076,87,0,0
982,252555,838,6604,4,51,821,120,230,97008,17888,207177,91,0,6422,15,0,0,0,0
954,263272,4604,0,6617,6538,354,0,120,46066,3095,256709,2,0,2446,1,0,0,0,0
133,263499,3013,27016,2387,29,2838,1622,32,36545,5905,234298,2,0,12529,95,0,0,0,14
116,242290,9157,23139,23069,6472,41,0,0,27922,1822,255136,0,0,776,0,0,0,0,0
414,158069,956,0,91,11252,335,0,0,240723,83254,69990,2,28,8336,16428,0,0,360,0
316,229168,21619,33308,995,5406,4627,0,427,131964,1852,138599,253,0,14679,600,1042,5259,0,26
740,188084,23443,1913,31,0,1041,0,0,273016,56958,44894,230,0,0,4,210,0,0,0
351,218804,5393,12990,0,1650,25,0,2,146292,23450,169236,13,0,11752,0,0,0,0,217
166,216672,23944,99,860,0,0,0,0,239731,19206,88854,2,0,456,0,0,0,0,0
680,241326,1723,66259,175,1297,1814,0,2,65837,7686,169591,0,0,34114,0,0,0,0,0
103,260502,16016,617,0,2579,869,0,158,76593,35063,193607,0,89,2271,0,0,0,1460,0
668,253411,3879,387,939,10726,7869,0,7,147508,2480,162588,0,0,25,0,0,5,0,0
611,219632,24336,9590,1723,263,5075,0,672,140359,4149,177980,111,0,5934,0,0,0,0,0
164,255803,10793,74391,60,13579,650,0,110,31999,7530,190948,3876,0,73,0,0,12,0,0
1111,218464,29055,5814,0,4366,222,0,0,188635,931,142330,0,0,7,0,0,0,0,0
179,196233,29122,72176,452,2813,1360,98,303,149027,2461,96349,843,0,34308,4279,0,0,0,0
1015,235647,13052,86079,0,0,440,1,405,118430,9816,120484,65,0,5288,0,0,0,0,117
780,240123,5235,12757,0,7895,290,0,65,122657,35262,164951,2,0,163,0,0,424,0,0
757,264894,9148,18172,746,2757,2896,1782,461,53154,11276,224495,21,0,22,0,0,0,0,0
1019,206357,46790,108119,744,368,3702,0,268,96540,5243,120051,0,0,1642,0,0,0,0,0
683,211352,7228,142,267,3390,10177,0,0,248443,64752,43849,0,0,224,0,0,0,0,0
10,292171,3471,111132,17648,26399,97,0,314,5632,10403,59329,873,0,37499,9895,14886,0,0,75
424,168402,1898,35675,0,22824,481,1,1313,105250,32525,207366,0,0,14084,0,0,5,0,0
120,238436,18610,50758,951,14547,1930,0,0,153065,28349,79875,2,0,2806,0,0,0,0,495
729,197122,2574,2718,0,5113,3737,3186,836,126059,36183,208106,34,0,2063,681,1412,0,0,0
605,253121,16081,129039,7168,2959,5215,1348,145,61658,2281,98949,520,887,10439,0,0,0,14,0
198,295447,1385,28439,0,165,2563,51,64,48787,1054,204267,0,0,7562,36,4,0,0,0
21,252576,194,25,503,67,686,0,667,162782,20879,151442,0,0,3,0,0,0,0,0
1032,248768,1694,10431,20,79,2277,85,1394,177608,11358,114627,60,0,8774,0,12638,11,0,0
490,185846,8456,36041,360,13066,936,0,0,170396,718,173926,55,0,24,0,0,0,0,0
970,227175,9158,4322,0,7680,4741,29,273,94061,10204,216892,274,0,14687,0,0,0,328,0
891,187449,16715,64593,911,0,2308,115,62,224202,5546,44289,22,0,43593,0,0,0,0,19
867,254277,136,8060,0,66,56,0,32,144500,7495,167293,2,0,7603,0,1,303,0,0
13,254849,2143,0,10,579,0,0,0,213051,44,118070,0,0,1071,0,7,0,0,0
1089,244984,9088,46213,335,6899,7033,2860,1323,53887,2187,194210,544,0,20193,0,51,0,0,17
599,217689,34508,16420,1947,3521,3442,0,22,97699,17491,196944,108,0,33,0,0,0,0,0
516,182769,7141,5073,137,1534,1480,0,122,332782,31649,1179,0,0,25958,0,0,0,0,0
71,258950,13540,1454,6600,6337,1106,0,66,116980,221,184436,0,0,134,0,0,0,0,0
679,239896,14699,6535,0,2312,2238,0,1354,118302,3888,196694,0,0,3806,0,0,100,0,0
750,164731,6411,4268,529,589,237,0,0,291706,96609,23927,0,0,817,0,0,0,0,0
339,230728,14819,9887,3721,18413,197,0,0,174206,8061,97864,0,0,31928,0,0,0,0,0
436,199220,1629,13995,53,0,2213,3,69,168001,47548,155213,0,0,1880,0,0,0,0,0
701,219227,22836,44741,456,1850,6882,0,1241,174040,5023,112966,0,0,562,0,0,0,0,0
400,190644,6322,13523,9,1216,3476,2,25,298154,42263,25096,0,0,6257,0,0,0,5,2832
880,216863,20700,19933,0,2812,698,0,380,123612,36975,167026,107,0,718,0,0,0,0,0
920,260071,5246,132562,39,4264,1444,3202,1079,65928,649,105863,229,0,9081,11,154,0,2,0
924,215999,4274,0,90,0,726,0,3,122482,59769,180717,0,0,5764,0,0,0,0,0
114,254939,5696,1322,5166,42,1235,0,0,137476,1188,179599,0,0,2941,220,0,0,0,0
225,236398,1119,7274,38,272,5125,1228,2439,38379,14043,247394,141,0,27597,732,7645,0,0,0
47,233877,14181,141898,0,449,73,0,16,65784,30,133499,0,0,17,0,0,0,0,0
498,200430,16842,13550,0,69,566,4,0,327467,24519,6036,0,0,341,0,0,0,0,0
450,230461,33132,19158,29,12212,4368,0,151,113969,4206,170886,0,0,1075,0,163,0,0,14
900,246729,7252,17327,0,381,2869,0,456,169697,13368,122197,0,0,9322,0,0,0,0,226
154,149026,60980,292748,9305,27,222,0,0,18305,14413,33750,4,0,5754,0,0,0,0,5290
959,210953,106,279,0,790,524,0,0,279805,71115,26046,0,0,206,0,0,0,0,0
315,250428,10939,87293,1290,47,236,0,49,105961,2687,114638,0,0,16256,0,0,0,0,0
789,237711,14970,183363,219,645,2731,0,767,96471,194,50245,95,0,2413,0,0,0,0,0
617,240564,19974,8968,0,0,2508,114,1364,197245,32,107119,39,0,11758,0,0,0,0,139
894,169288,16244,5,4860,221,4486,294,850,181622,91878,119133,79,437,427,0,0,0,0,0
848,231679,4727,12,0,2012,1238,0,1777,165535,45794,136335,0,0,715,0,0,0,0,0
591,212929,20932,1168,0,11453,0,0,1,228956,2460,111782,0,0,143,0,0,0,0,0
296,249612,7750,91175,36,1104,3825,0,510,42222,16029,176509,184,0,292,576,0,0,0,0
141,231447,21229,28962,5797,2170,10561,0,90,99390,22124,166597,0,0,1217,0,0,240,0,0
547,255215,21076,7286,9357,0,3746,0,10,120376,2805,167801,160,0,1992,0,0,0,0,0
946,246957,10835,13738,2,7416,4372,938,2214,36149,1510,257400,87,0,5422,231,6,2547,0,0
977,262986,500,7028,218,0,1457,0,0,32572,19809,250863,0,0,14391,0,0,0,0,0
919,242394,3975,39663,124,294,2062,58,91,154694,15914,124998,0,0,5526,31,0,0,0,0
78,220273,217,0,3373,75,1778,0,0,144039,59300,159575,0,0,1194,0,0,0,0,0
760,270227,10716,11248,22,945,3863,2476,0,31440,2316,255526,51,0,798,0,0,0,196,0
481,258016,5466,4,176,7548,7772,281,259,115493,6315,188121,0,0,336,37,0,0,0,0
629,225637,25649,11904,7638,12209,5260,16,528,166009,216,132115,0,0,2643,0,0,0,0,0
417,194220,17499,72,52,11930,5869,0,844,323907,22370,11901,101,0,1059,0,0,0,0,0
575,239998,18162,211795,1317,9805,2196,0,1963,64439,1121,25657,12,0,13237,0,0,122,0,0
337,216735,25663,4425,0,3303,1980,0,0,157482,44635,135035,278,0,288,0,0,0,0,0
684,163302,35695,2,12,15,6191,16,300,266217,39969,58444,0,0,19661,0,0,0,0,0
1082,211851,4914,22429,325,15724,3851,205,884,37023,1055,238740,20,0,52614,6,0,183,0,0
593,219213,46261,10408,351,2482,7661,31,954,58472,8902,233031,33,0,1483,0,517,25,0,0
714,187316,22511,11594,1778,17,9124,0,566,103369,40351,197291,188,39,14958,0,243,111,0,368
999,211058,4785,33989,11317,19485,35420,0,582,132876,16188,108745,0,0,5420,0,9959,0,0,0
416,206139,0,906,0,0,534,0,243,257524,37146,87332,0,0,0,0,0,0,0,0
461,246898,22498,36200,541,8715,627,0,0,54831,2471,215295,0,0,1742,6,0,0,0,0
48,251872,3799,23334,7313,111,762,6,156,80450,16733,204579,154,0,555,0,0,0,0,0
980,243999,11226,10403,1071,731,4859,15,338,58095,2444,253550,19,0,1195,55,1759,18,47,0
745,200464,560,21853,0,931,147,0,399,81343,73206,205116,0,0,5805,0,0,0,0,0
627,233008,6382,8854,1329,725,12480,0,0,186202,5117,131619,4,13,4035,0,0,0,56,0
273,241143,26902,19951,1533,1253,618,4,0,247680,677,50017,16,0,30,0,0,0,0,0
1098,199568,27424,6023,103,3179,341,0,0,144930,46063,152445,0,0,9748,0,0,0,0,0
550,226821,19899,80454,5849,18284,5114,2,465,28128,36,193987,1673,0,8781,0,268,63,0,0
11,251973,943,1930,13615,5082,1682,0,40,21609,45247,243781,37,0,3885,0,0,0,0,0
509,205424,0,25242,0,1824,333,0,0,266947,70285,18790,0,0,979,0,0,0,0,0
22,245763,39,0,2184,1471,273,0,0,94454,22417,223085,0,0,100,0,0,37,1,0
849,235194,215,49109,0,0,887,0,931,170030,32981,100470,6,0,1,0,0,0,0,0
922,199106,2339,0,0,47,222,30,51,102340,24088,202447,0,0,59154,0,0,0,0,0
768,219997,42233,28370,769,5031,1779,0,48,97605,7438,186269,0,0,214,0,0,0,0,71
51,236704,13,374,0,1978,1268,5,305,47938,28981,251296,0,0,700,20262,0,0,0,0
1025,201800,34671,4298,999,948,22527,56,131,131673,18373,173188,21,0,836,0,0,0,0,303
832,241868,18454,87073,1844,1158,3045,1090,1302,148286,5601,79516,140,0,447,0,0,0,0,0
463,508952,59,9442,13784,0,0,0,0,1789,0,55481,0,0,203,0,0,0,0,114
528,239104,2191,939,0,640,20,0,149,161117,24763,141980,0,0,18921,0,0,0,0,0
359,508952,59,9442,13784,0,0,0,0,1789,0,55481,0,0,203,0,0,0,0,114
1087,229950,7789,55584,12636,11382,5797,0,2,58381,25897,177215,434,0,1978,0,0,0,0,2779
1099,228479,19693,4942,4175,1355,7871,1,313,88373,16405,216891,0,0,718,0,0,608,0,0
602,222583,3394,1790,24135,35001,1270,0,0,143906,12479,145190,0,0,69,0,0,2,0,5
300,226871,12521,41421,0,331,2986,0,141,177662,23463,93053,0,0,11375,0,0,0,0,0
274,223686,22467,18275,0,0,2736,0,53,203073,11327,104292,0,0,3915,0,0,0,0,0
951,239822,16459,94232,233,10297,3389,0,36,35202,6385,182501,240,0,1028,0,0,0,0,0
933,254006,2477,157,787,0,119,2790,1577,123631,324,182125,0,0,11113,10718,0,0,0,0
827,228105,18566,9263,0,0,1316,0,89,250756,16361,65004,15,0,238,0,0,0,0,111
91,229314,12855,0,0,133,15,0,0,83314,29253,230251,0,0,4689,0,0,0,0,0
294,241706,30089,68559,825,6152,568,10,115,21671,3797,202481,0,0,9313,1960,2141,384,0,53
677,222625,19993,151402,235,28,5541,2528,1734,8197,9,163316,156,0,14060,0,0,0,0,0
1059,229712,11547,4131,59,2493,1875,65,152,183071,22411,132936,53,115,1204,0,0,0,0,0
607,232834,14522,73340,5531,2266,1143,0,517,80277,2291,157366,275,0,19462,0,0,0,0,0
415,157963,0,64,14,0,147,0,406,213448,453,165659,0,0,51670,0,0,0,0,0
104,281009,7401,2051,25,1260,802,158,0,24105,5464,261055,44,0,6450,0,0,0,0,0
8,259739,3873,126362,12057,9710,2229,0,43,128605,30,46554,0,0,622,0,0,0,0,0
15,260180,1417,0,0,0,51,0,133,60836,35261,224783,12,0,7001,150,0,0,0,0
500,211781,7499,43252,0,1131,592,0,0,250647,43036,31837,0,0,49,0,0,0,0,0
493,508952,59,9442,13784,0,0,0,0,1789,0,55481,0,0,203,0,0,0,0,114
1066,234326,20531,443,7,5111,2263,0,0,206992,14538,100783,0,0,4830,0,0,0,0,0
770,201861,427,8051,0,0,0,0,398,206430,77205,93939,189,0,171,0,0,1153,0,0
667,232802,6999,843,39,236,4251,0,92,110805,4969,222444,0,0,6254,90,0,0,0,0
196,163342,11498,53383,0,291,3964,0,101,171366,77826,105157,0,0,2422,474,0,0,0,0
932,244280,17292,37445,747,4396,14780,1347,3125,33081,2429,218762,1,0,7106,4315,718,0,0,0
758,217918,21999,23070,19477,907,270,0,9,94847,2311,208148,7,0,850,11,0,0,0,0
916,245920,1645,1284,5422,1573,9644,849,495,65363,35219,219128,42,0,2141,52,70,312,665,0
322,118407,12631,29871,3774,9822,0,0,16,243953,18181,143139,0,0,9955,0,0,0,0,75
1110,259158,18123,13355,1418,278,3344,0,95,107934,1444,179756,0,0,4881,0,0,0,38,0
543,202497,40524,2613,17619,500,3360,11,232,93234,10722,214630,97,0,3552,227,0,6,0,0
134,237113,6146,9288,2,25303,1764,0,425,169084,25956,108714,0,0,6029,0,0,0,0,0
842,233057,22911,4826,4300,1682,4404,1056,2798,75635,13227,225768,0,0,160,0,0,0,0,0
286,191249,2000,1861,0,82,1032,0,14,130442,8554,237409,0,0,16844,0,196,141,0,0
156,232580,13299,11751,2673,86,9438,165,1487,43187,9618,243085,35,0,17947,560,0,3913,0,0
457,197601,799,22950,35,7781,545,0,443,162285,90878,104252,118,0,2137,0,0,0,0,0
252,260640,4662,1398,999,788,3104,3104,364,52936,2033,257248,35,0,1249,0,227,1037,0,0
885,236130,9681,5479,0,0,137,0,77,248516,297,89432,0,0,75,0,0,0,0,0
558,233364,8471,2,0,0,35,0,0,188495,41481,117959,0,0,17,0,0,0,0,0
855,257106,2444,1709,1550,5869,1010,0,0,227189,8290,84566,0,0,73,18,0,0,0,0
833,143804,3918,0,0,0,28,0,0,299112,136415,6537,0,0,0,0,0,0,0,10
194,264188,10639,7077,707,374,1027,0,0,176689,22,124572,13,0,4294,0,0,124,0,98
709,276465,11507,5982,3272,1510,3519,8739,604,35332,80,242814,0,0,0,0,0,0,0,0
81,243826,626,64155,7709,12481,973,4,1009,3564,89,226631,101,7,14553,12879,0,0,1217,0
321,221555,3056,13500,145,3502,0,0,0,142901,41295,160759,1008,76,1999,0,0,0,0,28
513,230971,14200,22084,10,0,3513,0,1135,306526,515,16,9,0,10845,0,0,0,0,0
811,202394,34079,21566,1329,4285,3912,0,0,59942,29377,232245,183,0,39,0,0,436,0,37
124,239723,26718,10470,369,0,6930,150,1335,39595,5934,249022,870,0,4121,496,4082,0,0,9
175,222080,5802,18368,5639,53653,5548,3,277,149385,3117,124473,0,0,1479,0,0,0,0,0
1024,261149,9535,21068,2714,12453,5806,2649,1386,15709,21,246023,240,45,8519,0,0,0,44,2463
439,214308,5915,25490,99,271,5,0,0,248152,53636,26474,0,0,14179,1295,0,0,0,0
1013,236557,13974,80777,5659,544,4583,2097,66,116689,3505,107574,260,0,16522,0,0,0,1017,0
197,247212,11596,23761,2102,972,3282,1385,49,55243,1446,232912,27,0,9812,8,0,0,0,17
837,194122,53238,17446,2597,15428,917,26,8,149945,6353,148981,3,0,709,0,0,0,0,51
928,249208,902,1679,765,7419,1240,3460,840,107261,10130,191171,2,0,15662,0,0,0,85,0
505,222468,7097,16707,0,8985,19,0,265,213879,13816,95513,0,0,11075,0,0,0,0,0
365,508952,59,9442,13784,0,0,0,0,1789,0,55481,0,0,203,0,0,0,0,114
105,251720,9057,29862,3330,6239,2145,4,87,7651,1340,245420,28,0,28745,2976,1220,0,0,0
74,249990,2053,95,14233,6562,274,0,0,114632,3334,189574,0,0,9077,0,0,0,0,0
20,255077,1094,927,4374,5078,235,0,0,159664,10689,150734,0,0,1952,0,0,0,0,0
559,243623,2111,0,0,0,1857,34,324,175659,22231,141297,0,0,632,0,2056,0,0,0
502,203208,5120,83,0,5048,994,0,4,265130,28250,78610,0,0,3345,0,32,0,0,0
26,255111,373,34334,50,587,1217,6,131,18606,17344,249666,77,0,12322,0,0,0,0,0
1072,262879,13333,6882,0,3525,6863,2379,2386,80684,14866,189220,168,0,6568,0,0,0,0,71
669,155478,21036,1618,0,0,519,0,435,337942,54560,18105,0,0,131,0,0,0,0,0
747,187068,565,9706,0,16941,164,0,0,140783,68379,164935,0,0,721,0,0,562,0,0
816,214824,763,66,0,0,129,0,0,259197,50624,64064,0,0,157,0,0,0,0,0
1084,229022,25726,23316,2265,1946,13164,311,1032,36735,1359,234881,0,0,20067,0,0,0,0,0
128,266040,1427,5965,8,0,1574,1994,210,117835,14003,171965,20,0,8765,0,0,0,15,3
583,243683,2881,0,0,0,0,0,0,217064,27311,98881,0,0,4,0,0,0,0,0
89,264473,7860,1856,0,827,51,0,0,74995,5283,234479,0,0,0,0,0,0,0,0
645,92745,763,32238,0,0,132,0,0,271681,151547,40280,0,0,438,0,0,0,0,0
656,193905,490,21351,50,97,3838,0,617,187526,67104,105232,0,0,9614,0,0,0,0,0
38,236047,863,1597,12010,509,3129,6,1121,72117,99,231221,0,0,31105,0,0,0,0,0
138,188775,52833,26081,1206,2132,3179,0,214,117873,34175,150772,10,0,12534,0,0,40,0,0
1060,249035,1432,13663,1053,5257,233,0,242,136142,21913,158436,0,0,1709,0,709,0,0,0
703,227319,482,63543,0,24549,851,0,0,77001,12898,179647,247,0,3277,10,0,0,0,0
201,248702,383,1222,0,3,3734,0,0,224688,16751,93978,0,0,345,18,0,0,0,0
17,245632,2359,1113,11659,1742,6076,0,11510,44481,5732,258525,0,0,174,821,0,0,0,0
189,271020,4343,91107,11,0,6819,1036,5,55109,7188,151146,0,0,2040,0,0,0,0,0
950,249499,13505,19255,9,7264,4092,0,297,40058,886,242684,0,0,11902,43,0,330,0,0
468,210142,38027,11669,0,1317,1911,0,66,264031,37225,25240,25,0,171,0,0,0,0,0
968,258706,20072,99817,552,1660,3069,31,1102,45555,746,153107,10,0,4912,0,485,0,0,0
862,223810,5465,17688,2935,4561,938,0,0,256543,17266,39622,0,0,20996,0,0,0,0,0
62,256859,126,3843,21756,5510,0,0,0,68883,2158,218908,203,0,3926,7652,0,0,0,0
813,209822,26589,17441,0,653,1424,1135,140,181023,4378,145836,1,0,1382,0,0,0,0,0
877,226332,6559,182,148,8482,1007,0,594,174275,24158,147715,0,0,160,0,208,0,0,4
148,273032,7146,193,383,95,360,0,50,140817,3961,160206,0,0,3581,0,0,0,0,0
168,254772,2563,6242,1,229,301,0,0,136610,13756,172470,0,0,2880,0,0,0,0,0
695,208745,17776,42613,38355,6889,3853,0,2622,55073,28800,183693,43,0,1340,0,0,0,0,22
45,256618,9722,13652,0,0,3148,826,35,36054,3320,256506,0,0,9828,41,74,0,0,0
838,209318,26248,20280,501,24526,1089,15,370,139193,6198,144529,102,0,12620,0,4835,0,0,0
371,190121,14694,15483,19765,87,316,0,3,273937,30139,43762,6,0,1511,0,0,0,0,0
346,202509,4654,22558,786,3431,478,0,16,248432,5,54587,0,0,49228,2122,0,0,214,804
1000,235151,22058,4614,345,66,1484,0,263,203906,38930,79088,0,0,2012,462,0,1445,0,0
243,246080,12042,3295,4,476,653,3,293,171199,402,154294,8,0,1075,0,0,0,0,0
524,172991,20547,2456,119,11861,2565,27,1002,330692,17899,28143,270,0,1252,0,0,0,0,0
159,243772,3164,6528,0,195,1269,94,21,63970,11664,250339,75,0,8729,0,0,0,0,4
1104,187041,4825,11164,578,58244,1988,0,29,65700,19105,240567,3,0,0,327,252,1,0,0
691,247657,10893,225108,9263,4478,378,0,1103,446,91,77218,17,0,13149,23,0,0,0,0
221,254150,14272,9838,469,141,5638,2366,885,194486,1036,96840,0,0,9703,0,0,0,0,0
992,243347,6540,417,2,0,3561,0,228,111781,13020,210928,0,0,0,0,0,0,0,0
621,263281,1620,40178,9788,8518,5819,2241,26,21319,9912,219176,122,0,7778,0,0,46,0,0
551,209039,14558,93530,56,10998,4818,0,184,104143,0,109084,0,0,43414,0,0,0,0,0
557,213807,29432,0,11,1064,57,0,145,168850,47592,128764,0,0,63,0,0,0,0,39
943,228510,28956,115333,1312,1834,422,0,1229,64340,1429,142653,1053,0,2515,0,0,0,0,238
90,249940,1722,7418,0,9,1617,0,329,121602,27775,177620,0,0,1165,627,0,0,0,0
240,230979,920,4114,0,940,201,3346,607,219150,7760,111259,0,0,9815,733,0,0,0,0
330,206307,1087,10972,235,119,365,0,32,147959,61156,160574,0,0,1018,0,0,0,0,0
570,187434,5292,0,0,0,840,2,37,332494,47053,16307,1,0,364,0,0,0,0,0
944,256829,11925,40178,1240,1238,1628,754,320,134870,6764,129594,13,0,4471,0,0,0,0,0
1035,232418,2353,854,3798,10952,3037,4,99,30174,11930,269797,96,15,24295,0,0,0,0,2
172,232720,20380,7046,719,12231,5362,283,728,171044,4541,127810,3841,304,2265,330,0,14,77,129
1044,243966,3175,10542,3445,3199,12708,3977,836,83384,22972,198872,16,0,2732,0,0,0,0,0
955,271846,254,3414,0,256,1540,861,3018,37056,8490,258759,0,0,3312,9,0,1009,0,0
1011,254932,8794,34536,141,16,2129,0,701,43369,2705,233583,0,0,8918,0,0,0,0,0
84,250006,727,39335,4505,19905,527,0,11,1455,114,223016,11,0,14702,30122,2644,2744,0,0
615,203932,18210,171755,90,4215,936,0,0,66773,881,73251,30,0,49751,0,0,0,0,0
69,241327,8201,562,2512,4357,2258,0,190,54448,21852,248627,0,0,5487,0,0,0,0,3
23,249014,140,0,2464,15757,205,0,3,99675,9183,213343,0,0,40,0,0,0,0,0
1078,266670,8062,19544,37,0,1716,62,510,116024,3113,160427,411,32,13192,4,0,0,20,0
86,242399,10334,43580,6213,42283,78,12,0,96768,29,146577,0,0,1548,0,3,0,0,0
326,157675,0,0,0,0,34,0,1,336654,75052,20368,0,0,40,0,0,0,0,0
492,203489,12570,24238,76,4513,4887,0,0,95813,639,200954,0,0,34056,0,68,8521,0,0
1007,219978,30732,49371,7545,5602,8005,207,651,68469,1289,191727,0,25,5827,0,0,71,159,166
788,191963,2175,17862,35,1312,4606,87,62,173139,56247,141496,48,0,240,0,540,0,0,12
704,192957,9561,23718,602,4842,4008,642,1424,128290,4945,148470,0,0,70365,0,0,0,0,0
998,207674,20805,106846,625,343,1847,4,665,55222,3375,190104,0,0,1036,3,0,1275,0,0
818,240450,16963,35,946,9640,1576,0,0,217671,8958,93585,0,0,0,0,0,0,0,0
834,169087,0,0,0,0,57,0,0,256644,128881,35082,42,0,31,0,0,0,0,0
233,243449,25545,4634,0,0,1803,0,334,109448,4086,196890,65,0,1549,53,1800,0,0,168
295,233524,19362,29615,6255,1887,1174,0,45,72945,2199,218674,687,0,1205,246,0,2006,0,0
309,258122,2719,3238,7,413,3758,2123,999,43504,1417,254835,100,0,16682,90,1656,161,0,0
863,219424,25316,18137,0,734,3078,0,73,262306,21725,33841,136,0,5054,0,0,0,0,0
1064,257980,7635,2934,0,0,5745,3803,790,76686,18734,212415,0,0,3102,0,0,0,0,0
465,180246,24573,3448,0,10,1398,0,2014,332014,16003,26112,0,0,4006,0,0,0,0,0
888,120810,5539,2181,270,688,2337,27,180,177618,159896,120151,0,0,127,0,0,0,0,0
263,239592,80,2278,0,0,1603,0,20,153496,31880,155574,0,0,3991,385,925,0,0,0
180,194755,11365,135714,1379,5141,3699,76,0,133316,7766,42974,108,0,53531,0,0,0,0,0
782,213151,6305,78926,0,89,317,20,0,106919,0,147754,0,0,24475,0,0,11867,0,1
991,173495,0,0,0,1121,0,0,22,246474,91333,77053,0,0,326,0,0,0,0,0
600,207998,23833,17388,975,2928,14341,16,19,116700,29603,175151,135,0,103,0,0,6,0,628
373,219866,17627,35794,2059,1668,4998,0,4500,108168,13634,181020,0,0,490,0,0,0,0,0
60,235852,4371,270,5251,3176,6900,10,18,44268,11714,271891,1,0,5261,30,0,811,0,0
224,242809,7208,2322,0,0,2390,0,53,247417,13886,73539,0,0,16,0,184,0,0,0
271,255086,16511,1765,4279,2666,433,0,15,25736,7236,272432,90,0,3531,9,0,0,35,0
840,217952,44295,52132,0,0,6900,1199,617,160980,95,104155,0,0,1344,0,0,0,0,155
579,151284,44390,748,0,6876,189,0,191,204556,56002,124871,0,0,717,0,0,0,0,0
772,214129,4309,900,361,0,2670,0,346,236141,45189,84583,761,0,129,15,0,0,291,0
362,210574,35701,17933,0,2012,674,0,200,242313,11666,68558,0,0,193,0,0,0,0,0
526,265271,10379,5230,0,2785,353,1,0,202172,1881,101409,0,0,343,0,0,0,0,0
95,171759,3161,34232,7603,7459,807,0,0,21904,94406,212768,0,0,35725,0,0,0,0,0
696,201455,42271,24867,27301,7440,3697,0,0,133719,1838,147210,0,0,26,0,0,0,0,0
956,260776,9201,5008,8,2345,4140,663,1224,61695,3532,231681,36,0,8402,4,0,1109,0,0
293,230864,32400,67434,119,2777,1037,0,63,51933,12670,188869,8,0,308,1310,32,0,0,0
410,189519,17652,11546,0,0,350,0,451,146078,40782,183073,0,0,373,0,0,0,0,0
841,241336,5166,21836,128,419,10399,1025,9789,90295,12781,190416,0,0,6197,0,0,37,0,0
136,203923,318,4852,3195,1468,3304,0,11,239742,38348,73262,15,0,20963,305,0,118,0,0
132,210113,243,40853,1050,331,18153,3,47,210577,39771,57440,9,900,10311,0,0,0,0,23
442,191706,1838,8216,1,2,1047,0,24,287160,63244,36585,0,0,1,0,0,0,0,0
674,221499,4988,1720,0,712,2180,0,0,162568,31087,164912,0,0,158,0,0,0,0,0
671,187521,18637,0,0,0,0,0,0,344461,36757,2375,0,0,73,0,0,0,0,0
208,251477,9104,27360,67,481,4612,2517,2390,27448,2094,254327,171,0,6689,177,104,224,0,582
829,251898,13774,57920,89,5029,3470,2498,0,85248,8866,160665,0,0,367,0,0,0,0,0
489,240382,13078,18862,0,0,1010,0,77,270034,19993,26377,0,0,11,0,0,0,0,0
1073,201570,16519,2982,205,0,7512,1475,1594,107645,11910,206815,58,450,29158,0,0,0,1776,155
702,255128,2983,1189,120,3874,1862,0,0,187662,6777,122784,235,0,7001,0,209,0,0,0
480,508952,59,9442,13784,0,0,0,0,1789,0,55481,0,0,203,0,0,0,0,114
218,230861,4408,9166,0,0,2387,5,92,85143,14629,216743,0,0,26390,0,0,0,0,0
663,243786,22826,23221,206,130,11327,12,27,61995,17571,205607,513,0,2599,0,0,4,0,0
406,187228,44703,22787,5,246,2258,0,144,181817,42059,99100,2,0,9475,0,0,0,0,0
765,187037,30813,102,0,313,10994,244,2131,138230,24983,191761,0,0,3216,0,0,0,0,0
210,251406,15957,23507,9,692,2962,28,45,131950,14263,148103,0,0,802,0,0,100,0,0
895,138414,12744,0,4211,2862,0,0,0,342365,969,88194,0,0,65,0,0,0,0,0
727,177372,56854,448,0,24965,2013,193,438,282340,38683,6120,50,0,348,0,0,0,0,0
441,196589,6776,2911,0,52,420,0,0,292372,90642,57,0,0,5,0,0,0,0,0
40,184867,2456,29494,11881,13855,2784,2,825,3559,748,229971,2,0,22792,86588,0,0,0,0
608,268723,3032,129338,1616,2221,459,0,12,17051,82,155750,0,0,8103,239,3198,0,0,0
535,240709,22002,12216,895,3393,2934,0,358,159085,6001,133782,135,0,8314,0,0,0,0,0
57,271258,0,99,10313,0,1519,0,67,114109,18320,170232,0,0,3907,0,0,0,0,0
338,206167,52660,4447,1378,162,1774,0,0,160085,3397,159660,0,0,94,0,0,0,0,0
213,247130,14005,1825,1220,0,3124,0,925,141123,4302,175681,1,0,488,0,0,0,0,0
800,189573,9502,537,139,2828,7220,325,423,286424,33183,43709,0,0,15961,0,0,0,0,0
223,214705,9303,38932,0,645,1579,0,0,166413,38854,117222,0,0,2171,0,0,0,0,0
764,230627,47456,66050,191,15565,8766,252,1330,36882,0,180653,2049,0,0,0,0,0,0,3
85,260708,2797,78773,10901,26722,995,0,0,1330,4356,187576,0,0,15666,0,0,0,0,0
497,201104,23566,15347,0,1191,8086,17,30,193503,20878,124391,0,0,1711,0,0,0,0,0
594,215492,50657,40085,2618,9080,3170,0,175,63301,9933,194939,8,0,354,6,0,0,0,6
349,141214,6444,6366,0,0,1074,0,33,238517,111244,82401,74,0,2457,0,0,0,0,0
824,162159,2189,380546,3445,6902,600,0,586,1050,0,46,0,0,31452,838,0,0,0,11
555,236910,26104,7872,172,1188,1655,83,119,68960,14818,230904,0,0,1039,0,0,0,0,0
901,251023,13322,263,976,9,2961,0,254,258091,9467,47871,7,0,5580,0,0,0,0,0
1107,248852,11664,67046,4423,2692,3173,165,40,47282,3625,181917,0,0,18945,0,0,0,0,0
207,265758,3856,22806,254,434,7988,131,1344,18137,12490,249807,30,0,5165,97,1109,418,0,0
806,204593,3,100,1449,3966,2,0,2,280618,70659,28423,0,0,9,0,0,0,0,0
33,249134,3812,545,23,0,525,0,306,58182,21817,248555,0,0,6925,0,0,0,0,0
553,282306,2453,6762,53,0,1814,510,11,39666,4901,246616,125,0,4294,282,31,0,0,0
226,262030,590,47,0,0,227,0,5,140681,15036,164758,35,0,6398,17,0,0,0,0
993,262160,688,16006,416,289,1401,2979,2264,27517,1966,258834,0,0,14839,10,249,202,0,4
987,218141,15934,13608,5268,1665,4908,0,7,310805,9007,7352,0,0,2986,143,0,0,0,0
610,257793,12009,4660,574,4370,167,0,254,207547,18084,81717,0,0,2649,0,0,0,0,0
67,237330,2215,555,14259,2994,40,49,160,128726,6406,184227,0,0,12863,0,0,0,0,0
187,244322,23530,101341,48,47,451,0,2072,154303,2388,55227,0,0,6085,0,0,10,0,0
1086,198871,17594,82264,15071,12780,4323,2151,576,33673,28127,189483,53,0,251,6,0,0,9,4592
199,227248,13191,214686,1604,15210,4459,0,0,61542,2545,42631,0,0,6699,7,0,0,0,2
775,196701,10,11991,7,566,2576,24,41,257591,29641,40456,0,0,50220,0,0,0,0,0
990,188087,0,0,0,3140,102,0,58,185528,86611,115799,0,0,10499,0,0,0,0,0
158,257268,3185,28185,2310,285,1054,0,343,83387,12538,198602,31,0,2405,0,0,231,0,0
797,198992,4749,190,0,0,387,0,0,300541,8876,75913,0,0,176,0,0,0,0,0
974,248872,19782,21641,187,3637,3372,8,64,89105,6648,196265,2,0,241,0,0,0,0,0
1102,203155,51538,71646,0,1074,10094,83,0,67985,2298,176123,0,0,5458,58,74,238,0,0
292,263361,9295,0,46,308,3685,1186,280,45431,1423,264580,0,0,229,0,0,0,0,0
37,262417,8373,524,2555,794,1653,0,1,50036,3081,257133,0,0,2185,1072,0,0,0,0
753,212480,485,5750,169,0,536,0,217,167371,26249,175782,0,0,785,0,0,0,0,0
5,228422,14390,170,3243,5680,1419,0,204,66859,32225,236261,0,0,951,0,0,0,0,0
178,242427,23112,81435,1098,5837,5584,258,28,187695,3313,30016,4,0,8936,0,60,21,0,0
237,233081,7397,0,239,0,2835,1695,6069,109187,17975,207660,0,0,61,0,3625,0,0,0
843,260918,11803,6834,1118,465,6616,0,3356,116830,4281,171770,185,0,5425,10,101,105,0,7
404,195277,2961,2350,37,14,1686,0,62,277152,68212,42033,40,0,0,0,0,0,0,0
681,250266,3327,8953,2970,11084,14541,0,470,92698,41248,163124,0,0,1143,0,0,0,0,0
658,256790,5738,63106,0,9197,4262,155,1198,130639,10831,104097,0,0,3693,118,0,0,0,0
638,200574,9447,123,0,575,100,0,29,78049,44587,255818,0,0,510,0,0,12,0,0
776,188602,36423,6471,0,10670,236,0,110,232844,43155,71179,26,0,108,0,0,0,0,0
41,259855,1195,6738,13960,1307,2217,22,860,22556,1678,261865,345,0,13282,1,3943,0,0,0
31,254785,3108,50012,1151,2787,279,0,0,108355,3789,165272,0,0,286,0,0,0,0,0
754,248059,3021,21,0,322,156,0,0,261411,15495,61095,0,0,244,0,0,0,0,0
861,206825,11687,19207,3441,4179,2245,0,0,245402,11086,63128,0,0,22624,0,0,0,0,0
796,233945,20699,24792,0,0,714,67,471,78768,9614,220035,24,0,373,241,0,73,0,8
68,270078,6490,21,6776,895,133,0,0,49703,1101,250590,0,0,4037,0,0,0,0,0
988,237194,6963,9139,208,317,1631,0,0,199315,22967,109419,0,0,2671,0,0,0,0,0
958,213362,5211,399,17,262,1,0,84,252716,42205,74947,0,0,620,0,0,0,0,0
890,207293,27884,13055,1391,3190,4198,4,421,156607,1275,144590,2323,0,27590,0,0,0,0,3
399,186101,2677,17079,132,12560,344,0,118,222422,41141,78574,27,0,7840,19777,0,878,0,154
614,176058,7377,53164,1830,18010,3180,0,51,84638,807,174474,134,0,69864,237,0,0,0,0
883,212329,7869,21860,0,567,359,0,0,170261,7904,160496,0,0,7660,519,0,0,0,0
372,228001,24376,15695,335,3664,2298,0,26,167247,7837,128064,0,0,12281,0,0,0,0,0
137,231445,13946,25862,25,462,1641,0,64,166780,28483,120691,0,0,425,0,0,0,0,0
822,201415,34113,18669,20,2529,6026,1,77,93439,8840,224405,0,0,59,231,0,0,0,0
177,235258,18323,110022,45,9024,6044,1032,781,108645,1947,97403,500,60,446,0,0,0,0,294
190,236250,862,102371,0,3349,28,0,74,91101,8868,145014,0,0,134,1182,0,591,0,0
245,179904,8356,4500,15577,6236,2674,0,3221,43828,67589,249758,1454,0,1006,0,5721,0,0,0
483,227622,11847,0,0,12603,358,0,0,331465,3225,2147,0,0,557,0,0,0,0,0
779,211915,5430,16424,0,30537,9259,139,27,261855,19749,33203,0,0,1286,0,0,0,0,0
870,217042,26416,4378,0,6,781,0,33,301249,10268,27182,0,0,2469,0,0,0,0,0
734,220366,16248,810,77,10799,689,0,49,227149,24297,88991,0,0,349,0,0,0,0,0
792,152248,1393,123048,46,895,10879,714,842,90457,1,85738,9,0,123554,0,0,0,0,0
324,156007,13649,8093,7402,1018,269,0,674,187352,27225,186430,0,0,1705,0,0,0,0,0
642,202491,52374,34725,33,17194,5608,0,755,248505,4301,21812,339,0,1678,0,0,0,0,9
444,219147,34028,12256,140,0,713,0,719,171217,28067,123434,4,0,3,0,0,0,0,96
808,195222,34983,7630,239,856,290,0,0,196872,18762,126820,0,0,8150,0,0,0,0,0
437,262934,0,20762,7,9053,3,0,11,203941,22344,67255,0,0,3379,135,0,0,0,0
150,228723,3417,2687,240,0,984,0,35,164658,15734,162039,0,0,11176,0,0,131,0,0
283,210856,45958,173540,0,0,6518,0,1,38534,1155,110701,49,0,2493,0,8,11,0,0
163,235391,11796,92244,3708,24591,1017,0,0,5375,125,215355,0,0,202,0,0,20,0,0
96,252858,950,26184,9823,15256,2646,0,26,7098,721,239946,9,0,34215,22,70,0,0,0
798,194427,28877,10,0,0,9180,0,1128,336693,2589,11976,0,0,4944,0,0,0,0,0
844,18,69888,519810,0,0,1,0,0,0,0,0,1,0,102,0,0,0,0,4
256,226414,3792,8366,0,677,857,0,60,194032,27931,127680,0,0,15,0,0,0,0,0
1017,169620,42371,62234,1955,3256,5854,200,2146,142542,15557,103247,1131,0,39617,0,0,0,0,94
350,195082,123,28683,0,9665,291,2,212,270406,16826,16818,0,0,51596,120,0,0,0,0
370,184816,8203,13538,1671,334,0,0,2,253681,50489,76931,0,0,159,0,0,0,0,0
717,219282,16077,35532,21345,739,9451,9386,28,73961,6827,185413,1139,5775,3787,0,0,0,130,952
1051,264863,3749,37117,838,3447,1312,273,38,31999,3779,238172,6,0,3771,0,0,370,90,0
275,286026,577,86750,551,0,1043,113,75,62512,1226,146643,65,0,4243,0,0,0,0,0
131,172772,3052,17153,2,2,3271,0,33,222161,56316,102612,0,0,12450,0,0,0,0,0
478,508952,59,9442,13784,0,0,0,0,1789,0,55481,0,0,203,0,0,0,0,114
875,202179,12715,6178,1481,3710,2309,0,0,159117,41471,159915,5,0,744,0,0,0,0,0
122,253728,7527,244,1482,12458,1879,0,6,56392,8685,235097,525,0,11765,0,36,0,0,0
664,229525,12175,13487,397,0,7000,27,125,70063,2082,254356,0,0,529,58,0,0,0,0
793,208903,5398,0,3104,0,2550,0,28,206962,29000,133279,0,0,600,0,0,0,0,0
876,197880,8293,3220,277,6894,1382,14,0,183733,80770,107026,0,0,335,0,0,0,0,0
810,197677,41203,3143,584,10146,13213,136,2587,84074,33423,203359,0,0,248,0,29,0,0,2
733,253871,11876,2986,36,1720,5481,962,107,154672,498,155076,0,0,2539,0,0,0,0,0
852,233143,12430,419,102,0,1335,0,325,188898,23732,124884,0,0,4281,275,0,0,0,0
705,228139,5871,8470,61,4200,1721,0,400,65971,34419,237983,17,0,1902,5,139,0,13,513
918,206330,9505,12247,232,2725,1218,0,54,208164,3433,92414,1,0,53501,0,0,0,0,0
1091,224497,5600,85757,1,12477,1465,124,68,199652,23772,22810,0,0,13601,0,0,0,0,0
419,178478,1184,1,3,0,436,0,0,342684,56920,10118,0,0,0,0,0,0,0,0
446,185233,3172,13823,0,26,30,0,31,179499,58134,114354,20,0,35500,0,0,0,0,2
219,253221,1487,6168,0,0,2600,0,165,90797,8575,215266,0,251,9104,5,0,0,2185,0
945,233327,21675,33737,710,22831,1545,141,63,84508,3073,172404,0,0,15810,0,0,0,0,0
380,508952,59,9442,13784,0,0,0,0,1789,0,55481,0,0,203,0,0,0,0,114
112,269147,33,1251,327,30766,3646,1,140,32741,16295,233148,0,0,2329,0,0,0,0,0
784,233671,13410,16575,0,707,971,25,0,155612,2589,158695,136,0,6788,645,0,0,0,0
882,238739,14702,4393,0,0,70,0,0,275790,26449,29391,113,0,177,0,0,0,0,0
167,183876,23,546,21,1744,46,0,0,205064,63929,130439,0,0,4136,0,0,0,0,0
241,258594,2440,7144,0,41,1086,2762,878,108484,4976,199075,0,0,4344,0,0,0,0,0
604,177398,0,4798,3076,4920,1,0,0,192916,71732,133133,0,0,1248,0,543,59,0,0
487,167242,20154,35217,0,1,142,0,429,59038,81780,225110,2,0,709,0,0,0,0,0
52,254058,1669,95,3964,3170,3,0,120,176873,551,145777,0,0,3487,57,0,0,0,0
989,189510,0,74,0,0,2000,4037,1532,145165,22517,187247,18,0,37724,0,0,0,0,0
662,239400,4927,10038,26,716,5815,98,409,30813,21508,259519,88,0,9253,0,6094,819,0,301
501,175200,0,2677,0,23315,1001,0,379,119960,66871,194795,30,0,5596,0,0,0,0,0
395,127509,0,2709,149,171,0,0,0,453687,2794,2805,0,0,0,0,0,0,0,0
804,214546,48161,24767,5054,3937,1528,166,407,91856,16687,182149,0,0,566,0,0,0,0,0
329,229956,58,7168,2,0,1119,0,0,271503,70017,10001,0,0,0,0,0,0,0,0
743,231962,10763,1466,0,1865,246,0,76,224064,24022,94516,0,0,567,145,132,0,0,0
566,224034,2961,4212,0,63,1016,0,174,226325,37319,91386,0,0,2334,0,0,0,0,0
265,244412,17470,12827,742,23849,4658,1805,1944,83644,677,193276,0,0,4520,0,0,0,0,0
712,258705,13089,16523,3955,9190,3887,763,495,6750,273,262657,105,51,12461,920,0,0,0,0
978,232924,9297,130,9119,2267,576,0,0,35931,38029,253222,0,0,8123,191,0,0,0,15
904,189130,21052,11816,1733,2205,7221,0,1299,139965,38771,176177,0,0,455,0,0,0,0,0
542,230205,35602,2680,13253,3671,2781,262,1705,135354,11556,149314,150,0,2831,0,437,0,0,23
475,168115,2064,3945,70,0,904,0,600,164713,79909,165433,374,0,3526,0,169,0,0,2
913,209633,17871,3522,10,33,5353,12436,1760,92273,5470,226063,96,0,15028,0,110,166,0,0
730,236325,31774,14870,216,361,1190,0,63,262864,20094,16976,0,0,3726,9,1356,0,0,0
1096,211293,7152,6359,1077,3275,6529,9,456,65441,23966,258249,928,0,5090,0,0,0,0,0
538,191922,5276,118634,0,3939,1423,1000,244,154092,27,64056,56,0,42626,0,6208,0,0,321
552,242778,11306,93618,1119,17376,3781,0,209,73377,51,128909,8,0,4473,2743,6800,3276,0,0
845,217022,27212,8543,527,3,3940,72,1486,221716,15736,86304,54,0,7209,0,0,0,0,0
308,213649,9183,7540,0,6,3601,0,177,204115,25929,125369,197,0,58,0,0,0,0,0
427,189929,24353,16136,0,0,313,0,0,211424,28484,117955,42,0,1188,0,0,0,0,0
653,224078,2,17671,0,0,7676,0,800,280689,17850,35788,1,0,5269,0,0,0,0,0
278,169808,134,0,0,0,1348,29,60,139969,80264,197530,9,0,673,0,0,0,0,0
258,266134,6482,58840,0,22,7403,1252,709,42669,997,198056,0,0,5824,843,0,591,0,2
527,236464,15087,7305,0,0,497,0,0,155153,13285,162006,0,0,27,0,0,0,0,0
319,203652,33028,0,0,5809,173,0,0,254894,0,90112,0,13,378,0,0,0,0,1765
129,182155,6205,45294,0,624,24573,0,0,246841,26508,50720,0,0,6904,0,0,0,0,0
700,208063,31999,14366,219,21437,4663,4,0,123958,14944,169279,674,0,218,0,0,0,0,0
785,210752,8456,22665,2,30,15755,9,26622,71788,34403,197951,21,0,1370,0,0,0,0,0
767,226002,119,26917,0,127,1523,7,17,85089,34653,202785,536,10,12035,0,0,4,0,0
1080,254573,8852,3338,0,5832,2348,2856,1898,213218,175,86353,0,0,10342,0,0,0,0,39
693,236897,15492,1444,0,10726,6526,1205,88,51734,32338,232244,4,0,1126,0,0,0,0,0
1056,278580,3160,4940,0,517,1721,0,1669,111258,9159,175498,0,0,3322,0,0,0,0,0
305,194756,22103,354,0,14765,489,0,3,298291,7584,44382,0,0,7057,0,0,0,0,40
303,229295,29893,12391,71,163,1699,77,357,53609,10993,249550,0,0,1523,0,70,133,0,0
878,234517,2408,1295,584,1989,2098,0,29,165089,13860,155225,0,0,12730,0,0,0,0,0
771,182295,7246,4147,47,951,285,0,52,137909,85814,168729,254,0,32,0,0,2053,10,0
1081,249374,11540,25611,5,1097,5033,2064,385,36510,638,237229,0,0,20280,0,0,0,0,58
456,225239,23584,22633,7,15140,3840,0,1278,68304,886,224115,35,0,3013,1,1276,473,0,0
1105,259971,7671,161995,221,52,11597,1114,1878,25981,390,101090,2550,0,15314,0,0,0,0,0
716,220750,8041,35097,194,13559,13144,122,199,34140,20418,239949,73,0,3691,0,83,0,364,0
938,234782,25383,85243,0,791,1970,273,13,62269,4999,171946,210,0,1945,0,0,0,0,0
34,247010,4244,12,3574,28214,914,0,159,82716,24450,189714,0,0,8715,102,0,0,0,0
332,239907,739,10521,2942,9102,775,0,0,181466,63939,77511,0,0,2922,0,0,0,0,0
574,256178,2985,139468,954,412,4106,0,40,53522,8471,112736,1031,740,8872,0,0,0,0,309
476,198760,16198,11026,0,192,380,0,399,270299,73299,18901,0,0,370,0,0,0,0,0
847,215713,24468,25,0,0,1004,2,39,233396,4884,104143,0,0,6150,0,0,0,0,0
635,191175,13581,49089,6456,4251,1234,43,124,233128,2223,49045,0,0,39473,0,0,0,0,2
530,223894,17096,0,0,15010,414,0,0,319259,36,13831,4,0,280,0,0,0,0,0
873,229133,25961,39338,0,12041,1508,0,8,106394,113,173966,156,0,1206,0,0,0,0,0
1008,247988,3064,31800,15,7221,3858,493,98,57619,5465,216131,48,0,16024,0,0,0,0,0
433,220113,9654,13632,160,0,230,18,0,256250,16740,69057,0,0,3970,0,0,0,0,0
355,508952,59,9442,13784,0,0,0,0,1789,0,55481,0,0,203,0,0,0,0,114
1,270125,2836,3,265,3811,515,0,15,41086,15237,254984,0,0,947,0,0,0,0,0
678,263794,16733,154793,2500,4709,1203,0,180,9585,4059,130872,0,0,1396,0,0,0,0,0
569,212905,2514,9132,0,15,921,0,265,278433,40722,44563,0,0,354,0,0,0,0,0
1112,244083,1657,997,3,3806,2098,17,1192,161677,8768,155044,0,0,10066,0,0,0,416,0
633,182264,18882,40874,5731,27118,7747,0,29,246364,7251,38562,44,0,12832,0,0,0,95,2031
369,184230,41932,1223,2746,11857,1855,105,329,218109,2505,86203,0,0,38730,0,0,0,0,0
94,199719,7015,15848,8841,1957,0,0,159,132419,30681,172898,0,0,20287,0,0,0,0,0
647,219923,19738,30749,5696,8389,4672,0,757,113227,52903,132999,113,0,267,0,0,0,0,391
289,278202,10016,3070,142,6848,1162,2861,253,23948,954,260821,35,0,1208,65,21,218,0,0
809,237242,30467,11377,3271,1621,9652,4337,108,27269,3917,253285,914,0,6239,122,0,0,3,0
660,246706,16054,2877,0,88,4292,1629,658,184986,221,132226,0,0,87,0,0,0,0,0
455,166394,2829,61906,0,3553,1477,0,0,183648,58323,111170,0,0,480,0,0,0,0,44
644,218403,30238,119094,230,6697,7020,2875,170,126666,3191,67782,0,0,7458,0,0,0,0,0
388,227868,15551,31218,1,13,7223,0,216,119783,36787,150511,485,0,168,0,0,0,0,0
1016,256408,19272,34211,1,6781,285,0,0,198851,1592,64414,0,41,7968,0,0,0,0,0
297,244910,19528,19080,0,937,639,1942,1241,227271,1062,71827,0,0,1387,0,0,0,0,0
866,243783,3753,1828,0,0,4,0,282,166230,30714,141581,0,0,1361,107,74,107,0,0
519,213452,44128,27120,963,4988,1312,0,657,102105,19093,173589,111,0,2306,0,0,0,0,0
341,192621,36439,24405,1,0,1692,0,793,118792,27751,182742,0,0,4042,544,2,0,0,0
431,171927,76924,9093,838,4489,226,306,10,233134,7202,69705,33,0,15937,0,0,0,0,0
43,273842,1371,16788,426,12862,814,0,1817,6037,8635,264211,13,0,3008,0,0,0,0,0
655,223744,14545,302,19,22,1081,0,288,256072,36495,53282,74,0,3900,0,0,0,0,0
331,198935,2099,3277,0,1,208,0,83,216918,58686,101180,0,0,8437,0,0,0,0,0
1043,236580,16469,352,9408,870,6094,13,244,93932,26589,198124,0,0,1136,13,0,0,0,0
577,231142,11640,21,0,0,5261,1512,2543,227646,14807,93735,0,0,1517,0,0,0,0,0
482,249547,14104,37,0,16826,1268,0,0,168096,549,139397,0,0,0,0,0,0,0,0
545,275733,4389,1176,0,352,2953,4951,1544,81565,5990,201918,433,0,8532,32,256,0,0,0
477,238285,19531,8631,16,60,708,0,4,233473,6467,81965,0,0,684,0,0,0,0,0
846,219601,19669,5408,0,3229,7285,0,2155,267573,3624,60201,0,0,1079,0,0,0,0,0
344,211398,4451,14173,0,241,1156,0,710,268981,50462,38252,0,0,0,0,0,0,0,0
869,231307,3370,6165,790,6266,941,0,119,276206,13974,50600,0,0,86,0,0,0,0,0
548,252972,2227,476,20,0,629,0,614,105612,11874,210578,0,56,3643,182,0,941,0,0
1022,211224,38423,153473,0,877,3584,2,25,22162,2129,147256,0,0,10669,0,0,0,0,0
183,238188,12468,134,7405,34134,757,0,0,111563,75,183968,0,0,1132,0,0,0,0,0
909,216325,15495,3852,35,1151,3738,62,149,195173,31975,121869,0,0,0,0,0,0,0,0
118,257191,10704,98403,811,18876,7123,0,87,186230,917,6465,0,0,2033,0,0,0,959,25
146,276441,4547,8835,35,32,2135,0,35,103900,7578,183617,0,0,2669,0,0,0,0,0
310,282573,2672,11534,218,1410,1700,0,1228,32868,7155,242379,571,0,4924,484,4,104,0,0
1054,181812,0,5766,0,18,1366,0,0,94201,64870,240689,0,0,1102,0,0,0,0,0
302,236172,32473,3254,534,1898,2587,0,428,67326,13460,220089,332,0,2064,0,9173,34,0,0
228,267310,642,19,0,10530,559,0,1,123013,15634,170956,0,0,1160,0,0,0,0,0
255,221097,2115,10190,0,450,1294,0,19,151422,37736,136483,2,0,28462,0,554,0,0,0
726,151457,54106,732,0,52195,72,0,0,301755,17568,11918,0,0,19,0,0,0,0,2
422,162187,45082,24280,2,42002,1884,0,0,206122,29885,77494,0,0,886,0,0,0,0,0
93,237586,391,12395,51701,13,341,0,11,45846,5401,203224,0,0,32910,0,5,0,0,0
907,207924,15232,2840,52,1106,2057,0,157,230208,35142,93221,0,0,932,0,0,953,0,0
402,163197,1524,0,0,0,1046,0,0,314989,63603,13176,0,0,32289,0,0,0,0,0
469,202964,9207,155,0,0,98,0,0,241004,59230,77166,0,0,0,0,0,0,0,0
181,252071,1875,30,3319,11671,537,0,0,77566,2725,231380,0,0,8650,0,0,0,0,0
564,226827,20758,9196,725,2704,14008,3708,78,122547,9815,174731,30,0,4676,7,14,0,0,0
9,258761,8417,13154,137,2366,1727,0,10,53073,2026,248741,0,0,1412,0,0,0,0,0
459,193720,15465,1211,0,5430,431,0,1405,278144,45266,48724,8,0,20,0,0,0,0,0
236,236661,30581,3528,5,75,293,0,0,98025,17034,202741,0,0,881,0,0,0,0,0
521,257332,1493,689,532,2022,7149,1874,97,140783,11877,163379,7,0,2590,0,0,0,0,0
787,193256,4,5873,0,0,226,0,0,158553,80359,150118,0,0,1413,22,0,0,0,0
719,188609,6982,44517,351,3424,699,0,668,85736,41940,216161,66,0,630,0,0,0,30,11
1018,238462,21739,68587,777,65,5870,74,22,150253,10355,90732,288,0,2419,136,0,0,0,45
905,206276,11270,12325,1575,11694,1118,0,2,240642,42399,58561,0,0,3962,0,0,0,0,0
868,269751,1647,2774,6,3492,3957,863,281,154984,19473,132404,0,0,189,3,0,0,0,0
185,245766,28105,114478,6757,65,7395,2156,1150,56061,4741,114875,1,0,8274,0,0,0,0,0
1114,227558,14172,1500,0,1808,5414,42,0,131821,34594,144930,0,0,26971,0,0,1014,0,0
307,180715,19368,0,3135,92,13600,0,0,256203,41661,75039,11,0,0,0,0,0,0,0
334,153319,19456,42367,382,2420,11,0,0,275167,70518,26184,0,0,0,0,0,0,0,0
623,226207,1677,74545,331,29535,4030,39,26,44712,31025,177468,0,0,229,0,0,0,0,0
814,244690,6671,7370,21,0,806,0,0,235982,26568,65076,4,0,1034,1602,0,0,0,0
472,186597,0,2123,0,0,1229,0,163,153791,92933,152279,0,0,231,138,0,340,0,0
46,259884,1246,157479,327,17674,1873,0,0,90206,1927,58085,552,0,571,0,0,0,0,0
203,199886,4564,203,63,1569,704,0,6,276913,4015,57582,0,0,44319,0,0,0,0,0
884,222650,25636,3240,413,18895,3061,0,261,286909,1562,19479,239,0,2807,4672,0,0,0,0
1050,264221,4667,39147,93,13033,897,32,28,77113,4843,179796,323,0,5192,0,0,439,0,0
562,206875,10377,9538,183,34072,11267,0,53,33898,20674,259641,0,0,3191,0,0,42,13,0
1071,194942,42110,3893,28,4175,4218,264,693,58336,21374,251725,0,19,5928,0,1651,468,0,0
965,261882,2912,71919,63,1601,4071,754,175,68677,2249,161603,256,0,13200,0,0,6,456,0
525,220111,16900,0,0,0,6693,0,30,179194,13470,145789,0,6,7629,0,0,0,2,0
358,508952,59,9442,13784,0,0,0,0,1789,0,55481,0,0,203,0,0,0,0,114
588,240082,1467,11433,0,0,2213,4211,496,190330,7342,129354,0,0,2896,0,0,0,0,0
732,199508,6903,3038,175,5454,3701,0,0,279824,57428,28355,0,0,5438,0,0,0,0,0
173,191224,29950,15031,5,5395,11944,1,348,137701,6799,175243,0,0,16064,0,0,119,0,0
1069,203868,21396,5015,1253,3445,11858,17,719,87616,25495,204079,24,0,24504,393,0,142,0,0
522,195991,30072,47511,21,2418,1097,0,0,173703,129,135645,122,0,1732,1249,134,0,0,0
367,508952,59,9442,13784,0,0,0,0,1789,0,55481,0,0,203,0,0,0,0,114
143,228841,76,20216,4629,1074,691,0,614,188321,14840,130067,0,0,455,0,0,0,0,0
565,208498,29773,1479,0,67,5907,0,0,204136,23386,116578,0,0,0,0,0,0,0,0
280,256668,10192,0,0,1190,1675,0,0,172499,17045,128703,0,0,1852,0,0,0,0,0
470,166729,2796,2499,0,0,652,0,48,239992,97946,79072,0,0,90,0,0,0,0,0
377,508952,59,9442,13784,0,0,0,0,1789,0,55481,0,0,203,0,0,0,0,114
462,508952,59,9442,13784,0,0,0,0,1789,0,55481,0,0,203,0,0,0,0,114
72,269995,689,3932,9106,3909,3462,19,139,59230,25068,213177,345,0,753,0,0,0,0,0
382,152285,24,26337,0,0,1676,0,1,138512,96137,173680,1,0,1143,0,0,0,28,0
630,210393,11788,6290,260,4903,201,0,0,264659,0,45641,0,0,45209,0,0,0,0,480
1113,244565,15126,5301,285,25592,9824,6310,111,65840,2606,214228,11,0,25,0,0,0,0,0
1092,261849,4808,53519,0,2228,3013,228,37,62917,2654,187564,575,9,10395,0,0,0,0,28
706,272257,5980,23573,6,9671,3521,8,1227,64049,9697,199004,0,0,831,0,0,0,0,0
88,260637,16619,1366,3160,19094,1774,0,30,48738,141,225285,0,0,12980,0,0,0,0,0
561,192001,63549,19423,500,8879,7109,828,84,47881,11338,222944,125,894,9582,211,0,1157,3319,0
1077,203604,33235,17405,0,122,14568,118,7125,105155,277,181203,15,0,25945,5,0,0,0,1047
238,200008,455,131,0,0,6909,0,5,134325,72635,166180,0,0,4167,5009,0,0,0,0
287,241048,25178,4453,965,1421,5627,17,201,142326,7540,159467,0,0,1284,0,0,0,0,297
1109,257752,4038,636,8688,8700,5436,0,356,50849,500,252582,0,0,236,0,0,51,0,0
507,217223,8368,29846,84,4589,346,0,128,206673,1710,101719,12,0,19120,0,0,0,0,6
290,252206,6993,134,1473,30,2454,0,0,26036,25048,275384,0,0,51,15,0,0,0,0
715,216960,21748,30700,0,491,1558,206,1090,28177,57110,231453,207,0,124,0,0,0,0,0
102,254460,7189,900,8629,78855,75,0,0,28979,15878,194014,0,0,828,0,0,0,4,13
728,230856,10008,0,0,18,129,0,174,281319,22952,37694,117,0,6557,0,0,0,0,0
699,207561,24262,9151,0,10138,1948,20,0,139441,12109,184921,0,0,273,0,0,0,0,0
272,257387,8783,306,723,714,1374,1052,167,18834,5300,267530,12,0,26844,793,0,5,0,0
910,212682,29578,5217,383,21762,1971,0,0,186076,25127,106941,0,0,87,0,0,0,0,0
698,201488,54333,20365,14,6625,2891,0,17,68405,12138,222143,1249,0,123,0,0,0,0,33
387,198870,39645,20934,156,128,1165,0,40,150465,33608,144400,1,0,285,0,0,0,0,127
413,202792,36426,0,0,0,619,0,412,219021,11409,119145,0,0,0,0,0,0,0,0
244,239466,14229,830,0,14,1983,0,2,133906,2244,192837,0,0,4313,0,0,0,0,0
1108,141444,4664,145071,29,8133,1921,832,0,25477,332,143035,764,0,117728,0,0,0,0,394
940,251121,18184,31090,16,3821,7492,94,631,163633,13958,98883,0,0,901,0,0,0,0,0
860,189160,3894,35929,203,19555,80,0,0,254785,36476,49742,0,0,0,0,0,0,0,0
652,184334,72690,43021,42,3616,5027,0,46,24725,19832,227660,0,0,8831,0,0,0,0,0
375,207657,18106,11238,0,1958,776,0,58,284476,16334,48489,24,0,708,0,0,0,0,0
710,231097,24409,25757,9163,18826,1034,0,20,4289,98,274506,59,0,547,0,0,0,0,19
250,246585,640,1881,114,6,1766,114,473,75373,24012,230083,0,0,8777,0,0,0,0,0
752,160420,15984,14000,0,135,316,0,0,289710,90612,149,0,0,18498,0,0,0,0,0
376,223331,23752,35227,0,10704,902,0,0,148449,14079,130095,0,0,3154,131,0,0,0,0
534,235016,22280,3080,177,5843,4987,110,273,189308,8424,116445,0,0,3800,1,80,0,0,0
318,249508,26739,8525,0,0,18,0,0,175627,5818,123438,0,0,151,0,0,0,0,0
540,225211,17051,86870,4629,4511,6091,3149,909,91625,4794,140461,614,0,3872,0,0,0,25,12
311,264325,2353,2702,45,708,1374,5,10,96387,4013,216911,90,0,899,2,0,0,0,0
39,241867,1846,462,6682,134,358,1,2,95805,376,233728,0,0,8563,0,0,0,0,0
192,226978,18297,34391,1759,1007,1777,2240,1636,65036,805,222122,0,0,13776,0,0,0,0,0
