"","GEOID","county","hhincome","hhincome_log","pct_pov","pct_pov_log","pct_white","pop","review_count","review_count_log","avg_rating","avg_price","n"
"1","13063040202","Clayton County",47946,10.7780392028275,0.145016192875135,-1.86422569735736,0.076646275638719,2779,57,4.06044301054642,"2","1",1
"2","13063040302","Clayton County",45791,10.7320612039251,0.207040121120363,-1.52767305257613,0.165883016738762,5317,29,3.40119738166216,"1","1",1
"3","13063040308","Clayton County",34032,10.4353503353679,0.158776595744681,-1.77917935723485,0.201114827201784,4485,13,1.97562185929071,"3","1",2
"4","13063040407","Clayton County",70364,11.1615791557496,0.151778154106689,-1.8215293013555,0.185859441151566,4724,29.3333333333333,3.32083696432853,"2","1",3
"5","13063040410","Clayton County",52441,10.8676346794196,0.140061162079511,-1.89671232079544,0.0590825688073394,8175,41,3.73766961828337,"1","1",1
"6","13063040414","Clayton County",59519,10.9942188677534,0.244972577696527,-1.36659927805138,0.181596587446679,1641,31,3.46524738297581,"2","1",2
"7","13063040417","Clayton County",44567,10.7049733099245,0.167366720516963,-1.72953582243796,0.0694115791134248,6339,17,2.89037175789616,"2","1",1
"8","13063040418","Clayton County",66375,11.10322640633,0.477604428787116,-0.718250798587893,0.103981445689988,2587,20,3.04452243772342,"4","1",1
"9","13063040420","Clayton County",69588,11.1504911102775,0.172244990892532,-1.70240339328572,0.253002581658997,8909,18,2.94443897916644,"2","1",1
"10","13063040424","Clayton County",62753,11.0471210068518,0.0636195182211241,-2.60884509518302,0.0762816553428042,3238,44,3.51276915731926,"2","1",2
"11","13063040425","Clayton County",58565,10.978063263376,0.259187620889749,-1.31234666707667,0.0777562862669246,5170,128,4.85981240436167,"4","1",1
"12","13063040510","Clayton County",72525,11.191824482973,0.151408450704225,-1.82381716575472,0.0549670770111652,3493,5,1.79175946922805,"4","1",1
"13","13063040512","Clayton County",42656,10.6611576291116,0.216546018614271,-1.48480718200589,0.0895735564170577,4901,36,3.30602051741655,"2","1",2
"14","13063040513","Clayton County",54639,10.9086861951756,0.0992315402606081,-2.2142854271494,0.0742285237698082,5995,14,2.70805020110221,"2","1",1
"15","13063040523","Clayton County",48804,10.7957724359434,0.212464589235127,-1.50298733954651,0.0604343720491029,3177,4,1.6094379124341,"2","1",1
"16","13063040538","Clayton County",60074,11.0034988621179,0.115459124370399,-2.07577527569068,0.0492057342115459,2581,19,2.99573227355399,"2","1",1
"17","13063040606","Clayton County",66587,11.1064148104689,0.130264871906209,-1.96422270165407,0.224771497854878,5361,18,2.94443897916644,"1","1",1
"18","13063040609","Clayton County",89115,11.3977951577166,0.0465232616308154,-2.87310301527924,0.117433716858429,7996,34,3.55534806148941,"2","1",1
"19","13063040617","Clayton County",40469,10.6085386000989,0.368900455432661,-0.970481758971867,0.314899154196487,1537,43,3.78418963391826,"2","1",1
"20","13063040623","Clayton County",61707,11.0303146986853,0.173875282265069,-1.69349756496957,0.133055410804238,5757,1,0.693147180559945,"4","1",1
"21","13063040630","Clayton County",54180,10.9002516685602,0.1930729550479,-1.59418998003107,0.0945713583886023,4071,26,3.29583686600433,"2","1",1
"22","13063040635","Clayton County",59583,10.9952933964913,0.160919540229885,-1.76656235818252,0.30152224824356,3416,50,3.93182563272433,"4","1",1
"23","13063040637","Clayton County",74938,11.2245498187184,0.0876263842079923,-2.32660749209574,0.0659605199807415,4154,55,4.02535169073515,"1","1",1
"24","13067030104","Cobb County",64306,11.0715637128643,0.134224450013924,-1.93638451223579,0.706488443330549,3591,58,4.07753744390572,"2","1",1
"25","13067030109","Cobb County",104176,11.5539330422689,0.00871898054996647,-3.97821726721651,0.799910574558462,4473,21.5,3.06994227611313,"2","1",2
"26","13067030110","Cobb County",85726,11.3590280863928,0.10260336906585,-2.1838836430683,0.580504786771105,4596,25,2.8604938937662,"3","2",3
"27","13067030111","Cobb County",96815,11.480660504383,0.0256788044622185,-3.33319847905653,0.71147880041365,4835,39.5,3.35950657719263,"4","2",2
"28","13067030112","Cobb County",71417,11.176431228107,0.0522413211998652,-2.77673617183304,0.51567239635996,2967,48,3.89182029811063,"4","NaN",1
"29","13067030220","Cobb County",107000,11.580677567021,0.0741626794258373,-2.47500369321534,0.6561004784689,1672,16,2.81739480158462,"3","1",2
"30","13067030235","Cobb County",130063,11.7758511102955,0.120607974733518,-2.03555500172595,0.60501381760758,5066,38,3.66356164612965,"2","1",1
"31","13067030240","Cobb County",110956,11.6169791270668,0.0540926719738722,-2.74742524337121,0.692932575142161,4924,15.5,2.79174815439085,"3","2",2
"32","13067030242","Cobb County",104050,11.5527229348443,0.104516806722689,-2.16703368315523,0.613205094879127,3847,22,3.13549421592915,"5","NaN",1
"33","13067030244","Cobb County",175577,12.075889925552,0.0231627711097073,-3.40632738436263,0.707517372078332,4749,1,0.693147180559945,"4","NaN",1
"34","13067030246","Cobb County",56621,10.9443118174368,0.146139119336311,-1.85700787852422,0.641318124207858,1578,40,3.24384200924231,"2","1",2
"35","13067030247","Cobb County",64504,11.0746375334946,0.121104185218166,-2.03176296486113,0.534330750734705,3743,42,3.76120011569356,"2","1",1
"36","13067030248","Cobb County",70987,11.1703929016096,0.19827080890973,-1.56891608019133,0.527057182705718,7170,37,3.15458570461795,"4","2",5
"37","13067030249","Cobb County",78654,11.27294089646,0.13229089103996,-1.94988178830372,0.564408041697692,4029,31,3.46573590279973,"2","1",1
"38","13067030251","Cobb County",168500,12.0347503741946,0.0279083431257344,-3.27258405587631,0.579318448883666,3404,90,4.51085950651685,"4","2",1
"39","13067030253","Cobb County",113654,11.6410020069118,0.023296962547921,-3.40228910093321,0.626658802713064,3391,101,4.62497281328427,"4","1",1
"40","13067030255","Cobb County",101618,11.5290743667096,0.150317980343033,-1.83059605882571,0.311042590094431,5189,36.5,2.8244871190806,"4","1",2
"41","13067030257","Cobb County",63468,11.0584486681579,0.0317925591882751,-3.17503696514694,0.538965291421087,4581,29.3333333333333,3.38069042944607,"3","1",3
"42","13067030258","Cobb County",75671,11.2342824171691,0.0818461538461538,-2.38764034249113,0.539852851011649,3262,49,3.15854114982816,"5","2",3
"43","13067030259","Cobb County",95553,11.4675409948356,0.177754677754678,-1.67261907384305,0.57952182952183,3848,31,3.46573590279973,"4","2",1
"44","13067030262","Cobb County",139216,11.8438537910501,0.0174568965517241,-3.59513790208224,0.668736616702356,4670,21,2.38741641939495,"4","2",4
"45","13067030267","Cobb County",172161,12.0562434479665,0.00426985482493595,-4.24960602099041,0.828351836037575,3513,40,3.71357206670431,"2","1",1
"46","13067030269","Cobb County",102143,11.5342269683901,0.128935030140656,-1.97374886418114,0.531270791749834,3006,74,4.31748811353631,"2","1",1
"47","13067030274","Cobb County",108821,11.5975514992907,0.0541368743615935,-2.74673581740449,0.633810010214505,3916,41.6666666666667,3.41417597242102,"3","1",3
"48","13067030278","Cobb County",85906,11.3611253537242,0.165292096219931,-1.74130157523666,0.632059645852749,5365,33.8,2.36748815749347,"4","2",5
"49","13067030319","Cobb County",125500,11.7401407156545,0.0556581986143187,-2.72329280233958,0.704895426338773,4351,18,2.94443897916644,"4","1",1
"50","13067030326","Cobb County",166071,12.0202309001361,0.0112994350282486,-3.84907473111391,0.76361581920904,4425,22.5,3.08689305195097,"4","1",2
"51","13067030329","Cobb County",125714,11.741844307141,0.0182186234817814,-3.56777311185554,0.773504273504274,4446,37,3.63758615972639,"2","1",1
"52","13067030332","Cobb County",147656,11.9027082456763,0,-4.60517018598809,0.762852404643449,3015,7,2.07944154167984,"3","NaN",1
"53","13067030334","Cobb County",149420,11.9145833347354,0.0876762722256284,-2.32609661303621,0.774992357077346,3271,65,4.09044047099819,"4","2",2
"54","13067030337","Cobb County",188684,12.1478819343487,0.0119142176330421,-3.82061964581515,0.807372175980975,5046,17.5,2.8518912373281,"4","1",2
"55","13067030340","Cobb County",155132,11.9520961055436,0.0184800184800185,-3.55855254356152,0.787017787017787,4329,13.5,2.62351203608024,"4","1",2
"56","13067030342","Cobb County",185650,12.1316723229539,0.0132149494115218,-3.76295883664156,0.842419255297264,4861,49,3.91202300542815,"2","1",1
"57","13067030344","Cobb County",73457,11.2045916047876,0.103079664036651,-2.17966271718477,0.332405767771313,3953,44,3.80666248977032,"4","2",1
"58","13067030345","Cobb County",98115,11.4939974550847,0.112501548754801,-2.09963160618094,0.326170186488823,8097,54.3333333333333,3.89292430567093,"3","1",9
"59","13067030347","Cobb County",100586,11.5188677744259,0.0347604917337855,-3.10642940958925,0.588347055098163,4737,322,5.77765232322266,"4","1",1
"60","13067030349","Cobb County",95991,11.4721138870624,0.106856084002471,-2.14681215257931,0.655342804200124,3238,33.5,3.41109869531024,"3","1",2
"61","13067030352","Cobb County",168064,12.0321596375947,0.0843909675292566,-2.36030989336138,0.785197368421053,6080,21.6666666666667,2.50584028353434,"2","2",3
"62","13067030355","Cobb County",97689,11.489646602564,0.0858725761772853,-2.34473530068563,0.377839335180055,1805,100,4.61512051684126,"3","1",1
"63","13067030356","Cobb County",108256,11.5923464409471,0.068130515083111,-2.54937458035332,0.579314590601272,4873,423,6.04973345523196,"4","1",1
"64","13067030358","Cobb County",131658,11.7880388817462,0.0268513284341436,-3.30086361122334,0.687710437710438,3564,42.5,3.76470322891851,"2","1",2
"65","13067030359","Cobb County",175496,12.0754285093378,0.0627130197682345,-2.62123482150559,0.610315837309702,4401,49.5,3.82198097450126,"3","1",2
"66","13067030361","Cobb County",115255,11.6549891042337,0.0583976833976834,-2.6824163233821,0.712837837837838,4144,26,3.29583686600433,"2","1",1
"67","13067030362","Cobb County",119205,11.6886838646225,0.0443560721933313,-2.91219894776723,0.775243309002433,3288,40,3.71357206670431,"2","1",1
"68","13067030367","Cobb County",204583,12.2287779188157,0.0191458026509573,-3.53544436794422,0.7360088365243,2716,31,3.46573590279973,"2","1",1
"69","13067030369","Cobb County",212250,12.2655672173158,0.0112392783200237,-3.85190306058566,0.819407798299619,3411,20,3.04452243772342,"4","NaN",1
"70","13067030370","Cobb County",200735,12.2097907248986,0.0115295926210607,-3.83832688924049,0.78326125667769,3931,118,4.77912349311153,"4","1",1
"71","13067030405","Cobb County",68910,11.1407016906419,0.184505289359054,-1.63729592164531,0.403308084711702,6469,52,3.97029191355212,"2","1",1
"72","13067030408","Cobb County",109875,11.6071896433603,0.0528132550914739,-2.7675891594442,0.494366678047115,2929,15,2.77258872223978,"5","NaN",1
"73","13067030410","Cobb County",73894,11.2105222326704,0.104874776386404,-2.16391264489008,0.708900289984385,4483,43.6666666666667,3.47557856543356,"3","2",3
"74","13067030411","Cobb County",52120,10.8614958777622,0.138850574712644,-1.90481233050904,0.16,2175,97,4.58496747867057,"3","1",1
"75","13067030412","Cobb County",55491,10.9241563175902,0.22710543407664,-1.43925036725043,0.293732855032707,4739,18,2.94443897916644,"2","1",1
"76","13067030413","Cobb County",57917,10.9669388761106,0.183730947647449,-1.6412849503067,0.225089839921594,6122,31,3.46573590279973,"4","2",1
"77","13067030508","Cobb County",87788,11.3827940003205,0.131219245489338,-1.95744166371136,0.531926406926407,3696,2,1.03972077083992,"3","NaN",2
"78","13067030602","Cobb County",117292,11.6725070847946,0.046797385620915,-2.86826498211513,0.848205383848455,8024,125.25,4.41937983271947,"4","2",12
"79","13067030603","Cobb County",80942,11.3016116654096,0.0952060555088309,-2.25183441846413,0.270815811606392,5945,42,3.74777097194213,"2","2",2
"80","13067030604","Cobb County",64267,11.0709571479471,0.0590515955860424,-2.67290129170312,0.371005917159763,3380,21,2.63649977928187,"2","1",2
"81","13067030800","Cobb County",70115,11.158034642825,0.115111437668381,-2.07855043748409,0.449324873922238,6147,17.5,2.31248640664214,"2","1",2
"82","13067030907","Cobb County",107045,11.5810980000733,0.0634835956255001,-2.61069308644237,0.682048546279008,3749,40,3.71357206670431,"2","1",1
"83","13067030908","Cobb County",77544,11.2587297469005,0.0932944606413994,-2.27017152828856,0.169825072886297,4116,41,3.73766961828337,"3","2",1
"84","13067030911","Cobb County",68485,11.1345160288855,0.204649905379832,-1.53874692512307,0.171127331711273,3699,32.6666666666667,3.2462043031153,"2","1",3
"85","13067031101","Cobb County",62591,11.0445365314015,0.211190264173345,-1.50873202398548,0.400939242735544,6814,11,2.484906649788,"4","NaN",1
"86","13067031110","Cobb County",108672,11.5961814660209,0.0802507836990596,-2.40516299816076,0.560175054704595,3199,159,5.07517381523383,"4","1",1
"87","13067031111","Cobb County",98646,11.4993943306859,0.0451197053406998,-2.89824799806933,0.498623432242276,3269,652,6.48157712927643,"4","2",1
"88","13067031114","Cobb County",66691,11.1079752242951,0.124501197126895,-2.00618217940814,0.245650438946528,6265,56.3333333333333,3.32206020729152,"2","2",3
"89","13067031115","Cobb County",94868,11.4603471347514,0.116824762855716,-2.06494896538553,0.467049425861208,4006,36.5,3.27838917807902,"2","1",2
"90","13067031118","Cobb County",123272,11.7222296930941,0.138349514563107,-1.90818420449126,0.607148878772551,5931,46,3.85014760171006,"2","1",1
"91","13067031120","Cobb County",81960,11.3141086056471,0.139252558914544,-1.90211538170033,0.390444810543657,4249,77,4.35670882668959,"3","2",1
"92","13067031207","Cobb County",91127,11.4201191478838,0.0256596906278435,-3.33373434219208,0.435668789808917,5495,24,3.19846482760807,"3","2",2
"93","13067031212","Cobb County",229124,12.3420622642396,0,-4.60517018598809,0.874089068825911,2470,72.5,3.99511909286018,"4","1",2
"94","13067031213","Cobb County",104236,11.5545087696204,0.210816062176166,-1.51042522186194,0.390967741935484,3100,22,3.13549421592915,"4","NaN",1
"95","13067031215","Cobb County",127083,11.7526743809166,0.0169631774927596,-3.61328314035919,0.31883759274526,4852,63,4.04397377732133,"2","2",2
"96","13067031216","Cobb County",97857,11.4913646930431,0.00894509561998766,-3.96621018728295,0.291178285009254,3242,4,1.6094379124341,"2","NaN",1
"97","13067031217","Cobb County",84453,11.3440688476298,0.0599259097842667,-2.66031902912045,0.344301590760514,4589,2,1.09861228866811,"4","NaN",1
"98","13067031218","Cobb County",95703,11.4691094093858,0.0379690949227373,-3.0371983312147,0.558057395143488,2265,139,4.89448708287368,"4","2",2
"99","13067031219","Cobb County",85127,11.3520170026796,0.0399820305480683,-2.99609172718834,0.356693620844564,2226,3,1.38629436111989,"2","NaN",1
"100","13067031220","Cobb County",72755,11.1949903493474,0.145174371451744,-1.86320581726743,0.43146796431468,2466,91,4.52084250297302,"3","1",2
"101","13067031221","Cobb County",165321,12.0157048040361,0.0115435356200528,-3.83767947866,0.446569920844327,3032,21.6666666666667,2.3661252128636,"3","1",3
"102","13067031306","Cobb County",84091,11.3397737364968,0.105250481695568,-2.16064741754302,0.231936416184971,4152,24,3.2188758248682,"2","1",1
"103","13067031314","Cobb County",128929,11.7670947032893,0.0251841699503169,-3.34715901485179,0.176974473188282,5837,16,2.83321334405622,"4","NaN",1
"104","13067031316","Cobb County",122380,11.7149679463764,0.0441754916792738,-2.91552665584135,0.361930294906166,6714,53,3.982772786565,"2","1",2
"105","13067031321","Cobb County",54679,10.9094178712952,0.241787122207622,-1.37917130162008,0.07083876575402,2301,3,1.38629436111989,"5","NaN",1
"106","13067031411","Cobb County",68232,11.1308154900596,0.232347328244275,-1.4173833411201,0.275763358778626,4192,13,2.49521629338937,"2","1",2
"107","13067031412","Cobb County",63975,11.0664039598717,0.208256029684601,-1.5220864572232,0.236379422617756,4607,36,3.61091791264422,"2","1",1
"108","13067031417","Cobb County",53384,10.8854536590849,0.107447413303013,-2.14176459193402,0.216600341102899,3518,159,5.07517381523383,"4","1",1
"109","13067031506","Cobb County",84661,11.3465284371252,0.156995536401416,-1.78978819505782,0.379098045251655,6497,49,3.91202300542815,"2","1",1
"110","13067031511","Cobb County",102058,11.5333945368096,0.0929110105580694,-2.27389063935853,0.395324283559578,6630,2,1.09861228866811,"5","NaN",1
"111","13067031517","Cobb County",109423,11.6030677688224,0.0385198665453443,-3.02578194541823,0.263876251137398,3297,120,4.79579054559674,"4","1",1
"112","13089020300","DeKalb County",175885,12.07764250508,0.0853122251539138,-2.35059719581563,0.738126649076517,4548,232,5.2017221618685,"4","2",2
"113","13089020400","DeKalb County",188438,12.1465773857443,0.029108327192336,-3.24141986299507,0.826823876197494,2714,190,4.64738671397551,"4","2",2
"114","13089020500","DeKalb County",99961,11.5126354229121,0.0665538635081782,-2.56976068776433,0.5360970107163,3546,70.75,3.07392120105497,"3","1",4
"115","13089020700","DeKalb County",85125,11.3519935108547,0.133495145631068,-1.94145407270958,0.47283356258597,2908,211,5.35658627467201,"4","1",1
"116","13089020801","DeKalb County",175524,12.0755880353181,0.0308015400770038,-3.19903545129903,0.614280714035702,2857,1326,7.19067603433221,"4","2",1
"117","13089020802","DeKalb County",109755,11.606096995858,0.0718410718410718,-2.50297606063724,0.447307869305108,4346,136.5,4.81603622627411,"4","2",2
"118","13089020901","DeKalb County",114478,11.6482252929907,0.0968239284613013,-2.23657332828821,0.5263644773358,3243,199.75,4.5312456034138,"4","1",4
"119","13089021104","DeKalb County",104762,11.5595418395988,0.166666666666667,-1.73349056110408,0.565817409766454,1884,90,4.49770703066403,"2","1",3
"120","13089021204","DeKalb County",40449,10.6080443946476,0.440907751252579,-0.796492503078374,0.0359438924605494,3422,83,3.30802856034086,"5","2",4
"121","13089021208","DeKalb County",86448,11.3674140258699,0.0396193435618567,-3.00337453011158,0.506894542629637,5149,64.7142857142857,3.63774615714128,"3","2",7
"122","13089021213","DeKalb County",234000,12.3631191284695,0.00909607731665719,-3.95827234111336,0.9076179647527,3518,48,3.89182029811063,"2","1",1
"123","13089021221","DeKalb County",111146,11.618689899042,0.034018691588785,-3.12314092643358,0.647476635514019,2675,36.5,3.6242520361853,"2","2",2
"124","13089021222","DeKalb County",89728,11.4046495926759,0.243338884263114,-1.373027223045,0.54808665721806,4939,13,2.63905732961526,"5","NaN",1
"125","13089021224","DeKalb County",56964,10.9503503024022,0.155584528465884,-1.79827346853394,0.392489270386266,4660,42,3.76120011569356,"2","1",1
"126","13089021225","DeKalb County",67172,11.1151606334883,0.0886943281309479,-2.31572779993913,0.312239484653278,2639,36,3.61091791264422,"2","1",1
"127","13089021226","DeKalb County",78136,11.2663341509185,0.0685322672758424,-2.544245690551,0.379497430039977,3502,400.2,4.72918838900081,"4","2",5
"128","13089021228","DeKalb County",239018,12.3843359788633,0.0075801749271137,-4.04098343642685,0.891253644314869,3430,333,5.8111409929767,"4","1",1
"129","13089021229","DeKalb County",177054,12.0842665281219,0.00923520923520924,-3.95101286499929,0.830591630591631,3465,68,4.23410650459726,"2","2",1
"130","13089021230","DeKalb County",109805,11.6065524107489,0.00131613582521716,-4.48152562267944,0.301921558304817,3799,53.5714285714286,3.1075174604442,"3","1",7
"131","13089021301","DeKalb County",60221,11.0059424489217,0.294782832176818,-1.18815578163516,0.245963673057518,3964,237.142857142857,4.95227405336133,"4","2",7
"132","13089021306","DeKalb County",61047,11.0195631330805,0.248694744169857,-1.35210650630942,0.266272189349112,5746,33.5,3.53832690772198,"2","1",2
"133","13089021307","DeKalb County",76500,11.2451767302259,0.193315266485998,-1.59299746777813,0.274784161952962,3359,21.5,2.41814095347574,"2","1",2
"134","13089021309","DeKalb County",35114,10.4666399364799,0.255508919202518,-1.32610684488129,0.123309053069719,1922,198,5.29330482472449,"4","2",1
"135","13089021310","DeKalb County",38554,10.5600744777843,0.178696695587964,-1.66761433821849,0.26162897591469,5439,153.75,3.12386331865438,"5","2",4
"136","13089021410","DeKalb County",102609,11.5387783797593,0.101669480397674,-2.19221183855152,0.534233727255674,5331,19.5,2.67355376535873,"2","1",2
"137","13089021412","DeKalb County",220694,12.304577716231,0.0136633152874452,-3.74382930820897,0.822892498066512,3879,11,2.484906649788,"2","1",1
"138","13089021415","DeKalb County",121397,11.7069038165713,0.147691618108472,-1.84711393729145,0.51523178807947,4530,270.5,5.05626608973542,"3","1",2
"139","13089021418","DeKalb County",52326,10.8654397497782,0.26898866974402,-1.27658410822188,0.300041963911036,2383,27,3.3322045101752,"2","1",1
"140","13089021502","DeKalb County",98967,11.5026427788932,0.0978931687593105,-2.22661371957203,0.650138327303682,4699,39.3333333333333,2.97368567271914,"4","2",3
"141","13089021503","DeKalb County",72500,11.1914797623656,0.157708049113233,-1.7855306142074,0.58820417878868,3781,49.5,3.91798729086078,"3","1",2
"142","13089021506","DeKalb County",114246,11.6461968237889,0.154448398576512,-1.80515844445157,0.571138898276445,2959,132.4,4.64864778193681,"4","1",5
"143","13089021606","DeKalb County",107898,11.5890342912225,0.0850544081723296,-2.35330583371826,0.687166962699822,4504,56,4.04305126783455,"3","2",1
"144","13089021607","DeKalb County",78611,11.2723941183048,0.0631768953068592,-2.61487554572343,0.447653429602888,1662,47,3.87120101090789,"2","1",1
"145","13089021608","DeKalb County",63507,11.0590628655865,0.165644171779141,-1.73929508169674,0.323680981595092,4075,130,4.87519732320115,"4","1",1
"146","13089021708","DeKalb County",83945,11.3380362199936,0.107058514825505,-2.14508134249234,0.681973235371294,3811,25.6666666666667,3.05539315873014,"2","1",3
"147","13089021711","DeKalb County",120227,11.6972200740158,0.230287033982184,-1.42592109532268,0.468338154934105,3111,66.6666666666667,3.89952493728562,"3","1",3
"148","13089021712","DeKalb County",59477,10.9935130802669,0.144725370531822,-1.8661035365829,0.421641791044776,2412,3,1.38629436111989,"3","NaN",1
"149","13089021818","DeKalb County",82989,11.3265838385134,0.0432801822323462,-2.93219083247908,0.354972090138516,4837,23.5,2.77647979246081,"3","1",2
"150","13089021819","DeKalb County",130386,11.7783312531576,0.0734536082474227,-2.48346439137378,0.637239165329053,3115,18,2.94443897916644,"3","1",1
"151","13089021820","DeKalb County",56019,10.9336246928184,0.104628736740598,-2.16605674923699,0.254098360655738,2074,39,3.68887945411394,"4","2",1
"152","13089021822","DeKalb County",97028,11.4828579333478,0.0718562874251497,-2.5027901616809,0.614688128772636,3976,40,3.60589870606865,"3","2",3
"153","13089021823","DeKalb County",103818,11.5504909628564,0.0385416666666667,-3.02533274333028,0.41796875,3840,21,2.40609217768621,"4","1",2
"154","13089021824","DeKalb County",45524,10.726214578632,0.274492878722486,-1.25704705658145,0.278481012658228,2449,59.5,3.90598671481101,"4","1",2
"155","13089021906","DeKalb County",46238,10.7417734987623,0.223830360148098,-1.45315938316463,0.160666218034993,5944,132,4.89034912822175,"5","2",1
"156","13089021908","DeKalb County",43795,10.6875032451005,0.0991217063989962,-2.21529144718854,0.0750358166189112,5584,32,3.49650756146648,"2","1",1
"157","13089021910","DeKalb County",72313,11.1888974765066,0.121377572448551,-2.02967986901725,0.14469633361321,7146,1,0.693147180559945,"2","NaN",1
"158","13089021914","DeKalb County",54881,10.9131046796327,0.044362292051756,-2.91208452628058,0.193657395373018,3847,2,1.09861228866811,"3","2",2
"159","13089022001","DeKalb County",106969,11.5803878325,0.0657214025675417,-2.58069442973357,0.597017742544356,5298,123,4.82028156560504,"4","1",1
"160","13089022005","DeKalb County",61333,11.0242363441997,0.106619187264349,-2.14884146230563,0.097953216374269,4788,2,1.09861228866811,"5","1",1
"161","13089022007","DeKalb County",45883,10.7340678789719,0.340399002493766,-1.04868276668832,0.127201160140874,4827,53,3.34230586383396,"5","1",2
"162","13089022013","DeKalb County",50727,10.8344107064546,0.367084432717678,-0.975286157145966,0.120712401055409,3032,5,1.79175946922805,"4","2",1
"163","13089022100","DeKalb County",63810,11.0638218998322,0.185064050149905,-1.63442731204312,0.245843554101935,3669,18,2.94443897916644,"2","1",1
"164","13089022203","DeKalb County",90753,11.4160069925564,0.160299003322259,-1.77019954381295,0.428571428571429,2457,25.5,3.15130948787245,"4","2",2
"165","13089022302","DeKalb County",95847,11.4706127765844,0.128986534372785,-1.97337822556007,0.584611753599245,4237,34,3.55534806148941,"2","1",1
"166","13089022303","DeKalb County",112049,11.6267807972886,0.0407023144453312,-2.98178371961763,0.714285714285714,3759,77,4.25134425260668,"2","2",2
"167","13089022304","DeKalb County",93031,11.4407955352001,0.14991974317817,-1.83308319473069,0.541894060995185,3115,113.75,4.61623483066175,"4","1",4
"168","13089022403","DeKalb County",224286,12.3207218870903,0.0691598360655738,-2.53628622917496,0.868340163934426,3904,15,2.77258872223978,"4","NaN",1
"169","13089022501","DeKalb County",125923,11.7435052984748,0.0900922778047596,-2.30166274044437,0.494944631680308,4154,255,5.38224905279105,"4","1",2
"170","13089022601","DeKalb County",80000,11.2899069058442,0.0792146242383209,-2.41671030397422,0.758177306564403,4433,62.5,4.08395968147891,"3","2",2
"171","13089022700","DeKalb County",196842,12.1902074563406,0.046229632436529,-2.87831139348529,0.63758389261745,5513,394,5.59569850586731,"4","2",2
"172","13089023000","DeKalb County",125313,11.7386496834965,0.0521132540008207,-2.77879588285073,0.731677524429967,2456,109,4.70048036579242,"4","1",1
"173","13089023102","DeKalb County",65183,11.0851073801878,0.194095690532745,-1.5891663238785,0.438153016514998,2967,34,3.55534806148941,"2","1",1
"174","13089023111","DeKalb County",51058,10.8409133569402,0.253968253968254,-1.3319264331867,0.0690184049079755,1956,2,1.09861228866811,"5","NaN",1
"175","13089023112","DeKalb County",36691,10.5105592816278,0.261191817373258,-1.30492889529859,0.0916098428698488,3373,10,2.39789527279837,"5","NaN",1
"176","13089023113","DeKalb County",57250,10.9553575786521,0.180719058224626,-1.65695383311742,0.328348711422208,3143,33,3.52636052461616,"2","1",1
"177","13089023211","DeKalb County",71981,11.184296390185,0.11713331620858,-2.0625190091831,0.0182378628307218,3893,6,1.94591014905531,"4","NaN",1
"178","13089023212","DeKalb County",73667,11.2074459534879,0.0809052333804809,-2.39793770651338,0.0214568040654997,3542,12,2.56494935746154,"1","NaN",1
"179","13089023214","DeKalb County",81163,11.30433795854,0.138118727674775,-1.90974111280096,0.0141180472869536,5879,16,2.07944154167984,"2","1",2
"180","13089023218","DeKalb County",37435,10.5306284686835,0.128613322161709,-1.97606707735266,0.0381231671554252,2387,26,3.29583686600433,"2","1",1
"181","13089023317","DeKalb County",31824,10.3682901799898,0.311351351351351,-1.13522020194153,0.106256742179072,3708,6.5,2.01267584536757,"5","NaN",2
"182","13089023320","DeKalb County",30167,10.3148353238024,0.322999279019466,-1.09961495411074,0.0196304849884527,4330,33,3.52636052461616,"1","1",1
"183","13089023322","DeKalb County",44750,10.7090701624259,0.0805934242181235,-2.4013736489412,0.0196156925540432,2498,23,3.17805383034795,"2","1",1
"184","13089023325","DeKalb County",91591,11.4251974676332,0.0626362735381566,-2.62229084641585,0.0261645193260654,5045,28,3.36729582998647,"2","1",1
"185","13089023410","DeKalb County",34167,10.4393081821914,0.223927341058566,-1.45274472013885,0.0371294851794072,3205,51,3.95124371858143,"2","1",1
"186","13089023425","DeKalb County",75504,11.2320733485106,0.124637155297533,-2.00517185753482,0.063984049302157,5517,16,2.83321334405622,"4","1",1
"187","13089023431","DeKalb County",55991,10.9331248267007,0.168382798304058,-1.72382348554759,0.0390763765541741,1689,15.5,2.06356719252255,"2","1",2
"188","13089023440","DeKalb County",82079,11.3155593035164,0.0335781741867786,-3.13319884601154,0.0253934942287513,4765,46,3.85014760171006,"2","1",1
"189","13089023446","DeKalb County",42125,10.6486340282065,0.290933694181326,-1.20086532361146,0.0238846327174403,2219,25,3.25809653802148,"2","1",1
"190","13089023448","DeKalb County",80291,11.2935373531574,0.0766283524904215,-2.44612812103282,0.0399106002554278,3132,38,3.66356164612965,"1","1",1
"191","13089023501","DeKalb County",69904,11.1550211942903,0.143712574850299,-1.87267081753371,0.071001300390117,3845,44,3.80666248977032,"2","1",1
"192","13089023507","DeKalb County",65063,11.0832649956217,0.178854875283447,-1.66677641451777,0.0238095238095238,3528,31,3.30411606032277,"2","1",3
"193","13089023702","DeKalb County",52177,10.862588700709,0.160396716826265,-1.76962593222404,0.221994535519126,2928,17.5,2.53758690761691,"5","2",2
"194","13121000100","Fulton County",141410,11.8594894651582,0.0947799750579013,-2.25589260304464,0.744790739091719,5615,40,3.61924842044718,"4","2",2
"195","13121000201","Fulton County",139883,11.8486331236619,0.0128141941843273,-3.78037238478264,0.792508624938393,2029,63,4.15888308335967,"4","2",1
"196","13121000202","Fulton County",176332,12.0801805703029,0.0158811475409836,-3.65424046949075,0.852963240810203,3999,26,3.29583686600433,"4","NaN",1
"197","13121000400","Fulton County",156528,11.96105407099,0.0296752519596865,-3.22702766199912,0.773228346456693,1905,25,3.0345319066765,"4","1",6
"198","13121000501","Fulton County",108940,11.5986443403728,0.138090646094503,-1.90993071909193,0.364857405703772,5435,26.8333333333333,2.1886502903705,"4","1",6
"199","13121000601","Fulton County",78140,11.2663853358496,0.25809199318569,-1.31642509921532,0.450505939287286,4546,347.833333333333,4.67709488342066,"4","1",6
"200","13121000602","Fulton County",73340,11.2029977835711,0.180753138075314,-1.65677515770616,0.367364016736402,2390,149,5.01063529409626,"4","1",1
"201","13121000700","Fulton County",147045,11.8985619454442,0.0806100217864924,-2.40119045630572,0.36884154460719,3004,6,1.94591014905531,"4","2",1
"202","13121001001","Fulton County",102591,11.53860295826,0.208854427213607,-1.51934848610682,0.407918781725888,4925,32.6666666666667,2.86594192244657,"3","2",6
"203","13121001002","Fulton County",55985,10.9330176800168,0.299926308032424,-1.17142072578631,0.457679826933478,7396,100,2.99573227355399,"2","1",2
"204","13121001101","Fulton County",126339,11.7468031982619,0.0812660393498717,-2.3939765282687,0.719703450242372,3507,33.5,2.60628360373343,"3","1",4
"205","13121001102","Fulton County",119985,11.6952053542294,0.0565104166666667,-2.71039670198333,0.700260416666667,3840,155,5.04985600724954,"4","1",1
"206","13121001203","Fulton County",76330,11.2429523262992,0.100821508588499,-2.19983440267314,0.617625093353249,2678,256,5.54907608489522,"4","1",1
"207","13121001205","Fulton County",110391,11.6118744707551,0.0998471726948548,-2.20866521835389,0.659195109526235,1963,48.8,3.66316252141124,"4","2",5
"208","13121001206","Fulton County",121361,11.7066072493348,0.165140240412135,-1.74216825220352,0.671150543789353,3494,289,4.50465396021265,"4","2",7
"209","13121001302","Fulton County",126635,11.7491431757717,0.137535816618911,-1.91368430814438,0.640459770114942,2175,107.636363636364,3.93152042057189,"4","1",11
"210","13121001400","Fulton County",100518,11.5181915746427,0.0631214872460009,-2.61563301224549,0.853869433635971,2313,305.5,4.61172700556078,"3","1",2
"211","13121001502","Fulton County",95500,11.4669862330288,0.10549843540456,-2.15849829539291,0.678587393831024,2237,141,4.95582705760126,"4","1",1
"212","13121001600","Fulton County",126477,11.7478948150704,0.00578273440726972,-4.14883869547925,0.722015695993391,2421,139.666666666667,4.25085403702052,"4","1",6
"213","13121001701","Fulton County",81500,11.3084809910885,0.30578093306288,-1.152706555605,0.547160243407708,1972,12,2.56494935746154,"4","NaN",1
"214","13121001902","Fulton County",76544,11.2457516531498,0.144684605205117,-1.86636704021974,0.328187031318924,2267,21.5,2.77246787969486,"3","1",6
"215","13121002100","Fulton County",80837,11.3003137585654,0.219428177747158,-1.47216524945369,0.297278677230451,2903,26,3.13926071208292,"2","1",2
"216","13121002600","Fulton County",25938,10.1638498143329,0.298026998961578,-1.17756784088422,0.0649087221095335,986,5,1.497866136777,"4","2",2
"217","13121002802","Fulton County",16620,9.71896357218697,0.391442155309033,-0.912691827434054,0.238073807380738,2222,35.3333333333333,2.62160133444282,"5","2",3
"218","13121002900","Fulton County",104776,11.5596754541592,0.0382585751978892,-3.03118174267965,0.576374745417515,2455,126,4.50534554588669,"4","1",4
"219","13121003000","Fulton County",160375,11.9853324538322,0.0530432657052066,-2.76393403107494,0.724662162162162,4144,157,4.75447035194715,"4","2",4
"220","13121003100","Fulton County",140413,11.852414574821,0.0835407038748667,-2.36935860185846,0.449485997873095,2821,169,4.61167765452684,"4","2",2
"221","13121003500","Fulton County",53420,10.8861276649518,0.433381088825215,-0.813325633081119,0.201217656012177,3285,79.4,3.34317092973436,"3","1",5
"222","13121003600","Fulton County",79114,11.278771521136,0.147540983606557,-1.84806964119111,0.228483606557377,976,30,3.43398720448515,"4","1",1
"223","13121004100","Fulton County",72354,11.1894642171412,0.2,-1.56064774826467,0.259125964010283,1945,36.5,3.61708858987492,"2","1",2
"224","13121004200","Fulton County",26524,10.1861822084769,0.276456876456876,-1.25016727263151,0.0868965517241379,2175,57,4.04212705315366,"3","1",2
"225","13121004900","Fulton County",92380,11.4337740266648,0.19589552238806,-1.58038641172172,0.425373134328358,3216,28.3333333333333,2.60100888121074,"4","2",3
"226","13121005000","Fulton County",96773,11.480226638007,0.0582285401858939,-2.6848923238711,0.575389490361764,3787,137.666666666667,4.64067680044732,"3","2",3
"227","13121005200","Fulton County",152723,11.936446577878,0.110861576153532,-2.11310938698258,0.612954500298033,5033,93.3333333333333,4.43118103125981,"3","1",3
"228","13121005300","Fulton County",141719,11.8616720624668,0.0645004849660524,-2.59694964400637,0.615067829457364,4128,63,3.48817403522387,"4","2",2
"229","13121005504","Fulton County",42019,10.646115135187,0.265514532600157,-1.28911490187057,0.11311861743912,1273,44,3.80666248977032,"4","1",1
"230","13121005800","Fulton County",57813,10.9651418993852,0.188452285485164,-1.61720658313929,0.305533279871692,1247,6,1.64721414086977,"4","NaN",3
"231","13121006200","Fulton County",62000,11.0350509413439,0.144878706199461,-1.86511300905629,0.143530997304582,1484,30.5,3.09310431195025,"4","2",2
"232","13121006300","Fulton County",44198,10.6966610471632,0.284518828451883,-1.22241234431147,0.0669456066945607,1673,1,0.693147180559945,"1","NaN",1
"233","13121006500","Fulton County",64405,11.0731018042256,0.205487804878049,-1.53485096093265,0.228963414634146,3280,8,2.19722457733622,"5","NaN",1
"234","13121006601","Fulton County",64444,11.0737070700567,0.265138154027043,-1.29048192918513,0.262295081967213,1708,49,3.91202300542815,"5","2",1
"235","13121007002","Fulton County",58750,10.9812166302878,0.166175024582104,-1.73627732023675,0.0311373320222878,3051,19,2.99573227355399,"4","2",1
"236","13121007500","Fulton County",22981,10.0428581139839,0.317984651317985,-1.11478846645514,0.0899768441945088,3023,9,2.30258509299405,"2","1",1
"237","13121007703","Fulton County",59464,10.9932945212425,0.187991609858416,-1.61953062363787,0,3814,46.5,3.81182097325579,"2","2",2
"238","13121007808","Fulton County",14971,9.61453801051738,0.655661594015992,-0.406973854670089,0.0038689708537529,3877,16,2.83321334405622,"1","1",1
"239","13121008000","Fulton County",46824,10.754364713862,0.112627986348123,-2.09860000789164,0.0871822413175797,5586,40,3.71357206670431,"4","1",1
"240","13121008104","Fulton County",61667,11.029666368922,0.375818011841695,-0.952389492607841,0.0552913198573127,3364,12.5,2.47082121130465,"2","1",2
"241","13121008802","Fulton County",164310,12.0095710251624,0.0474063895568533,-2.85759966553033,0.65613191343181,2911,31,3.46573590279973,"2","1",1
"242","13121008903","Fulton County",97098,11.483579040175,0.161240310077519,-1.76468738692965,0.33984496124031,3225,5,1.79175946922805,"4","NaN",1
"243","13121008905","Fulton County",119210,11.6887258047739,0.0340996168582375,-3.1213041845889,0.572030651340996,5220,48.5714285714286,3.47193897465721,"4","1",7
"244","13121008909","Fulton County",133353,11.8008300126726,0.0152582159624413,-3.67860379153573,0.729460093896714,1704,53,3.98898404656427,"2","1",1
"245","13121009001","Fulton County",85322,11.3543048096715,0.0625296068214116,-2.62376043053132,0.596399810516343,2111,180.333333333333,3.68273992560593,"2","2",3
"246","13121009104","Fulton County",107212,11.5826567304439,0.115398105927745,-2.07626175514185,0.779024903542617,2851,1.5,0.895879734614027,"4","NaN",2
"247","13121009105","Fulton County",250001,12.4292601958764,0.00525394045534151,-4.1829174187916,0.947460595446585,1142,41,3.73766961828337,"3","1",1
"248","13121009106","Fulton County",100073,11.5137551207107,0.155245346869712,-1.80032395877258,0.411811023622047,2540,118,4.19011366817154,"5","2",2
"249","13121009202","Fulton County",104257,11.554710195911,0.0338591766063871,-3.1267713093928,0.605232781839169,2599,13,2.63905732961526,"4","NaN",1
"250","13121009203","Fulton County",68598,11.1361644249904,0.161456272259596,-1.76342701713434,0.388998812821527,2527,79,4.38202663467388,"2","1",1
"251","13121009301","Fulton County",153188,11.9394864813731,0.0163532297628782,-3.63616443985983,0.82420278004906,3669,95,4.53737485883492,"3","2",2
"252","13121009405","Fulton County",75991,11.2385017770766,0.119778699861687,-2.04192458785681,0.283540802213001,3615,85,4.45434729625351,"2","1",1
"253","13121009406","Fulton County",83220,11.3293631387401,0.126462395543175,-1.9917061928378,0.252367688022284,1795,23.6666666666667,2.32074782142207,"3","1",3
"254","13121009409","Fulton County",90313,11.4111474135067,0.245438493231313,-1.36477362931164,0.362688296639629,1726,42,3.76120011569356,"4","1",1
"255","13121009503","Fulton County",44566,10.7049508765795,0.272053872053872,-1.26565719063698,0.555234239444766,1729,43,3.78418963391826,"3","1",1
"256","13121009504","Fulton County",105588,11.567394710681,0.103298611111111,-2.17772836953072,0.646701388888889,3456,78,4.36944785246702,"4","2",1
"257","13121009601","Fulton County",101801,11.5308734322709,0.0849214309595453,-2.35470577210106,0.533935138749582,2991,100,4.61512051684126,"3","1",1
"258","13121009604","Fulton County",74338,11.2165120517282,0.0913098236775819,-2.28957189634268,0.70875314861461,3176,63,4.15888308335967,"2","1",1
"259","13121009605","Fulton County",102757,11.5402195687948,0.101580135440181,-2.19301224272627,0.653122648607976,2658,88,4.48806793665127,"4","2",2
"260","13121009606","Fulton County",224844,12.3232065816782,0.0120160213618158,-3.81598484694571,0.778371161548732,1498,67.625,3.71762556766986,"4","2",8
"261","13121009607","Fulton County",118036,11.6788296579921,0.0989081567116249,-2.21725035091496,0.55534941249227,4851,7.5,2.12424762102468,"4","NaN",2
"262","13121009802","Fulton County",238869,12.383712426562,0.0209042294603792,-3.47686222870464,0.814049586776859,4114,7,2.07944154167984,"2","2",1
"263","13121009803","Fulton County",81827,11.3124847430621,0.0669887278582931,-2.56409625929547,0.772769953051643,3195,35,3.37660866491562,"2","2",3
"264","13121009900","Fulton County",141930,11.863159712079,0.0170558375634518,-3.60985249056024,0.848527918781726,4925,46.6666666666667,3.35178330061512,"3","1",3
"265","13121010003","Fulton County",145673,11.8891883072702,0.0553534303534304,-2.72794534827074,0.814757481940145,3876,55.5,3.5740838564604,"5","2",4
"266","13121010006","Fulton County",94655,11.4580996226864,0.189122978931896,-1.61383266054909,0.616609505144537,4082,13.75,2.21025357762097,"3","2",4
"267","13121010115","Fulton County",185500,12.1308640679324,0.0275124188001528,-3.28308323282572,0.678682842287695,2885,3,1.38629436111989,"2","NaN",1
"268","13121010121","Fulton County",119167,11.6883650619754,0.116991643454039,-2.06363399426293,0.632709908475925,2513,143.5,4.66954266393337,"4","2",2
"269","13121010125","Fulton County",90262,11.4105826138017,0.0626338329764454,-2.62232444674519,0.42237687366167,3736,76.5,4.32411072691132,"2","1",2
"270","13121010129","Fulton County",101348,11.5264140831508,0.106053384175405,-2.15370498533052,0.716674517192652,4246,196,5.28320372873799,"4","1",1
"271","13121010130","Fulton County",99821,11.5112340353093,0.0101105102280743,-3.90651270366094,0.401363743240066,4253,2,1.09861228866811,"4","1",2
"272","13121010132","Fulton County",101742,11.5302937591313,0.058433734939759,-2.68188937506354,0.543311726576311,3394,151,4.72467863622334,"4","2",2
"273","13121010133","Fulton County",101403,11.5269565670498,0.115634321810844,-2.07437979945233,0.532725039480611,5699,62.2,3.44615162109678,"4","2",5
"274","13121010211","Fulton County",225268,12.3250904740715,0.0469919185872493,-2.86484580037027,0.797626112759644,3370,45,3.8286413964891,"4","2",1
"275","13121010212","Fulton County",90893,11.4175482829213,0.159570901776735,-1.77448414005675,0.497485752598056,5966,82,3.23136804930855,"4","2",4
"276","13121010214","Fulton County",54674,10.9093264410519,0.370094386487829,-0.967335671609988,0.333005410723069,2033,63,4.15888308335967,"2","1",1
"277","13121010220","Fulton County",137125,11.8287211210808,0.0412234042553191,-2.97155873701992,0.717641843971631,4512,109.6,4.568306248763,"3","1",5
"278","13121010221","Fulton County",115134,11.6539387979425,0.0596590909090909,-2.66414206453009,0.74283027738599,2127,155,5.03787938673829,"4","2",2
"279","13121010223","Fulton County",223691,12.3180656177409,0.0121662723893207,-3.80918340709457,0.809395065900642,2959,56.5,3.99714749320799,"2","2",2
"280","13121010312","Fulton County",112115,11.6273695993611,0.013488880787459,-3.75122812778705,0.016769959897922,2743,46,3.8481063196732,"2","1",2
"281","13121010315","Fulton County",90809,11.4166237938007,0.0651123713505566,-2.58877000208033,0,4761,29,3.40119738166216,"2","1",1
"282","13121010401","Fulton County",58287,10.9733059130386,0.101279548904793,-2.19570978507041,0.157381313678734,4613,39.5,3.69199472898925,"3","1",2
"283","13121010508","Fulton County",58458,10.9762348750092,0.160508637236084,-1.7689693252655,0.0498806682577566,4190,33,3.52636052461616,"2","1",1
"284","13121010522","Fulton County",53062,10.8794047611868,0.199893484821587,-1.56115509207708,0.0512048192771084,5644,39,3.68887945411394,"2","1",1
"285","13121010525","Fulton County",38196,10.5507478503236,0.230248306997743,-1.42608227799218,0,2658,51,3.95124371858143,"2","1",1
"286","13121010528","Fulton County",48944,10.7986363606569,0.151157065484983,-1.82537582753051,0.0539298669891173,4135,30,3.43398720448515,"2","1",1
"287","13121010534","Fulton County",93627,11.4471808835009,0.0722112953076707,-2.49846257385816,0.312728294464737,3559,27.5,3.31402068808977,"2","1",2
"288","13121010537","Fulton County",66212,11.1007680130009,0.273635307781649,-1.26006599354861,0.00394889663182346,4305,14,2.70805020110221,"2","1",1
"289","13121010540","Fulton County",110616,11.6139104218174,0.00471539238800943,-4.21886123180042,0.0520377231391041,5938,94,4.55387689160054,"2","2",1
"290","13121010603","Fulton County",46802,10.7538948592947,0.136649514008005,-1.91970979752254,0.00686106346483705,3498,1,0.693147180559945,"1","NaN",1
"291","13121010604","Fulton County",29432,10.290177505318,0.401089547156963,-0.888944211923182,0.0163432073544433,2937,1,0.693147180559945,"5","2",1
"292","13121010801","Fulton County",64605,11.0762018609593,0.18510749868904,-1.6342045969864,0.362873623492396,1907,52,3.66092485689418,"2","1",2
"293","13121010802","Fulton County",59882,11.0002982192576,0.157377749306,-1.78750204908031,0.245355541319667,4683,106.333333333333,4.50681375569282,"4","1",3
"294","13121011000","Fulton County",47933,10.7777680842532,0.198432490203064,-1.56814007816883,0.153415061295972,2855,27.5,3.32319525742386,"2","1",2
"295","13121011100","Fulton County",78772,11.2744398233567,0.116712981341802,-2.0658307395885,0.343117810392701,2521,416,6.0330862217988,"4","2",1
"296","13121011202","Fulton County",56790,10.9472916047092,0.246743849493488,-1.35967638569511,0.210475732820759,4162,128.5,3.32189486657384,"3","2",2
"297","13121011306","Fulton County",56262,10.9379523547138,0.19773429454171,-1.57149544597808,0.000686577411603158,2913,61.6666666666667,3.04742521368735,"3","2",3
"298","13121011307","Fulton County",42976,10.6686297602672,0.377715877437326,-0.94748248224897,0.0356545961002786,5385,81,4.40671924726425,"1","1",1
"299","13121011416","Fulton County",151397,11.9277268540554,0.0424688561721404,-2.9475355011754,0.809032983508246,5336,68,4.23316043052124,"4","2",2
"300","13121011419","Fulton County",155972,11.957495894959,0.0456273764258555,-2.88907981714573,0.826304873833391,5786,53,3.94650683697354,"3","1",3
"301","13121011421","Fulton County",78715,11.2737160459692,0.179266402617531,-1.66459971872931,0.322678843226788,5913,76.6666666666667,3.90614481235754,"3","1",3
"302","13121011422","Fulton County",118472,11.6825163292854,0.0375529981829194,-3.04591043870996,0.723900688004786,3343,225.5,4.69214683954981,"4","2",2
"303","13121011429","Fulton County",146333,11.8937084604329,0.111450965398585,-2.10824467462701,0.460611677479147,5395,25,3.25809653802148,"2","1",1
"304","13121011432","Fulton County",79269,11.2807285554026,0.155544651619235,-1.7985143222505,0.443031784841076,4090,38,3.66356164612965,"2","1",1
"305","13121011433","Fulton County",174063,12.0672300304442,0.0405232929164008,-2.98532080317268,0.75654116145501,3134,60,3.74358684710687,"4","1",2
"306","13121011434","Fulton County",90804,11.4165687377261,0.0177171071739762,-3.58570546890936,0.524033149171271,3620,56,4.04305126783455,"4","1",1
"307","13121011435","Fulton County",109644,11.6050852328888,0.0943396226415094,-2.26010409801788,0.70865704772475,3604,30,3.43398720448515,"2","1",1
"308","13121011437","Fulton County",102167,11.5344618825008,0.124548011249498,-2.00583418267284,0.664397276732078,2497,29.3333333333333,3.03039715747775,"4","1",6
"309","13121011439","Fulton County",124509,11.7322135936849,0.0699578268419747,-2.52625594778362,0.850905482510543,4031,33,2.83786223194071,"4","2",3
"310","13121011441","Fulton County",138553,11.8390803748321,0.0225733634311512,-3.42426039725936,0.746175068974166,3987,60,4.07134693839312,"3","2",3
"311","13121011445","Fulton County",123836,11.7267941372623,0.00207641196013289,-4.41650115376339,0.801640566741238,2682,220,4.80296939281887,"5","2",4
"312","13121011505","Fulton County",205694,12.2341935212468,0.0196304849884527,-3.51895154937494,0.759122401847575,4330,31,3.46132194573794,"2","1",2
"313","13121011507","Fulton County",250001,12.4292601958764,0.0487065951992543,-2.83520320412794,0.753903518993242,4291,20,3.04452243772342,"4","NaN",1
"314","13121011511","Fulton County",250001,12.4292601958764,0.00511291009799744,-4.19220592706549,0.763490725126476,2372,13.5,1.99449202328214,"4","2",2
"315","13121011513","Fulton County",185038,12.1283705298661,0.0692615912993703,-2.53500161446743,0.719519175729823,3494,16,2.56198198970163,"4","2",2
"316","13121011515","Fulton County",250001,12.4292601958764,0.0132423756019262,-3.76177813182988,0.726725521669342,2492,41,3.73766961828337,"4","2",1
"317","13121011612","Fulton County",208750,12.2489405457573,0.0308406113537118,-3.19807831631408,0.627280152463926,3673,9,2.30258509299405,"2","1",1
"318","13121011618","Fulton County",157708,11.9685639072112,0.166265060240964,-1.73576639276457,0.515604681404421,4614,68,4.23410650459726,"2","1",1
"319","13121011627","Fulton County",101136,11.5243202965841,0.0255880072370121,-3.33574657324423,0.508141638666322,3869,55.75,3.39911154387914,"4","1",4
"320","13121011628","Fulton County",147621,11.9024711961962,0.0528890247630694,-2.766383617574,0.506075334143378,3292,89,4.01666690266271,"4","1",4
"321","13121011629","Fulton County",197455,12.193316632429,0.0201084500677813,-3.5029494134766,0.434569004019652,4478,71,4.04289735064078,"4","2",2
"322","13121011631","Fulton County",114333,11.6469579820109,0.0057479957646347,-4.15104217484692,0.516114457831325,6640,36,3.50136939180611,"3","1",3
"323","13121011632","Fulton County",149777,11.9169695639229,0.00622171945701357,-4.12140422746617,0.288744343891403,3536,42,3.67622055012179,"4","2",2
"324","13121011634","Fulton County",94833,11.4599781719017,0.0571303968600087,-2.70111832923592,0.474487570867859,2293,38.4,2.70104785185066,"4","2",5
"325","13121011635","Fulton County",182230,12.113079778681,0.0203153426318981,-3.49610133713412,0.210430563978169,3298,168,5.12989871492307,"4","1",1
"326","13121011636","Fulton County",97574,11.4884688245362,0.0382775119617225,-3.03078941759929,0.238195173137461,1906,26,3.29583686600433,"4","NaN",1
"327","13121011637","Fulton County",193750,12.1743755587869,0.0313883299798793,-3.18475632243176,0.711468812877264,2485,273.5,5.41216395955443,"4","2",2
"328","13121011639","Fulton County",121211,11.705370604935,0.0271084337349398,-3.29391101081111,0.56582215598609,2013,32,3.49650756146648,"4","1",1
"329","13121011640","Fulton County",97354,11.4862118114518,0.110401459854015,-2.11692362114758,0.636742081447964,5525,100.6,3.38270413612764,"4","2",5
"330","13121011642","Fulton County",127266,11.7541132357422,0.0395387149917628,-3.00500079405906,0.556356487549148,3052,35.5,3.54503841788805,"4","1",2
"331","13121011643","Fulton County",89629,11.4035457721186,0.109146474568871,-2.12740166405077,0.189696572800699,4581,68.5,4.24130087332331,"3","2",2
"332","13121011645","Fulton County",149185,11.9130094541259,0,-4.60517018598809,0.423545331529093,3695,9,2.21540839942166,"5","NaN",2
"333","13121011646","Fulton County",99643,11.5094494305566,0.0502524645347439,-2.80921180230699,0.372204856936764,4159,27.5,3.23531526925378,"4","2",4
"334","13121011647","Fulton County",91083,11.419636241657,0.0735663255454721,-2.482114644519,0.750188394875659,5308,11,1.95073415992482,"4","1",3
"335","13121011649","Fulton County",169000,12.0377131637523,0.0850120125669932,-2.35375194730187,0.351690999815191,5411,65.5,3.95050352599621,"4","1",2
"336","13121011650","Fulton County",201118,12.2116968002804,0.0243704305442729,-3.37055866145248,0.31336311941511,4924,61,4.12713438504509,"2","1",1
"337","13121011651","Fulton County",141413,11.8595106783401,0.00551378446115288,-4.16602633019336,0.489724310776942,1995,20.6666666666667,1.96203467715005,"4","1",3
"338","13121011652","Fulton County",137500,11.831451920717,0.0452127659574468,-2.89656108509221,0.387491727332892,3022,4,1.58902691517397,"4","NaN",2
"339","13121011654","Fulton County",115682,11.6586867664524,0.0754716981132075,-2.45956997405718,0.679755671902269,2292,109,4.24975735693582,"5","2",4
"340","13121011655","Fulton County",188681,12.1478660354656,0.0672394471423235,-2.56084497910767,0.860291370937617,2677,149,3.97566448729522,"4","2",3
"341","13121011657","Fulton County",191897,12.1647661586625,0.0252572497661366,-3.345084103746,0.496102276270658,3207,27,3.3322045101752,"5","NaN",1
"342","13121011658","Fulton County",152985,11.938160520102,0.176455948232952,-1.67956027030275,0.412698412698413,4032,52,3.97029191355212,"4","NaN",1
"343","13121011659","Fulton County",176833,12.083017612284,0,-4.60517018598809,0.46876197776926,2609,109,4.70048036579242,"4","2",1
"344","13121011660","Fulton County",115615,11.6581074748147,0.0751806287834407,-2.46298123269416,0.464563862928349,5136,51.75,3.62425153032594,"4","2",4
"345","13121011901","Fulton County",55000,10.9152702658695,0.2708192281652,-1.27004413280309,0.316101238556812,1857,28.5294117647059,2.71614684065352,"4","2",17
"346","13121012300","Fulton County",49855,10.817074632836,0.106025221858944,-2.15394768169172,0.307586206896552,2175,40,3.71357206670431,"4","NaN",1
"347","13135050105","Gwinnett County",77391,11.256754979391,0.121268272596253,-2.0305121674196,0.501637331150225,4886,67.5,3.69261546153329,"4","1",2
"348","13135050113","Gwinnett County",72610,11.1929956449683,0.0573428656538576,-2.69795831115231,0.409225749035894,6742,64.5,3.97053762695172,"3","1",4
"349","13135050114","Gwinnett County",80291,11.2935373531574,0.0561638996820911,-2.7156202868041,0.585357268567406,2841,51.5,3.95050352599621,"2","1",2
"350","13135050115","Gwinnett County",71758,11.1811939732391,0.096081588835212,-2.24354677494925,0.498265278889779,3747,16.5,2.28217409573392,"2","1",2
"351","13135050117","Gwinnett County",125250,11.7381468560794,0.0106327800829876,-3.88087420174466,0.591545643153527,3856,30,3.43398720448515,"2","1",1
"352","13135050118","Gwinnett County",107208,11.5826194239712,0.173560421735604,-1.69521139192271,0.557988645579886,2466,170,5.14166355650266,"4","2",1
"353","13135050120","Gwinnett County",128750,11.7657054854127,0.0518707482993197,-2.78270777480865,0.715136054421769,2352,30.5,3.20836614125616,"2","2",2
"354","13135050205","Gwinnett County",97041,11.4829918925111,0.0376869391824526,-3.04309773026973,0.315747561218395,5023,148.333333333333,4.4464855542386,"3","1",3
"355","13135050215","Gwinnett County",75466,11.2315700039076,0.184430027803522,-1.63768293487425,0.213469261662033,3237,170.2,4.76947017392626,"4","1",10
"356","13135050218","Gwinnett County",74146,11.2139262613525,0.231981009926629,-1.41889602728206,0.377859300820026,4634,93,4.54329478227,"4","1",1
"357","13135050219","Gwinnett County",94677,11.4583319941438,0.0947538710422926,-2.25614176580503,0.410608139003201,4374,65.3333333333333,3.96868493310576,"4","2",3
"358","13135050221","Gwinnett County",85642,11.3580478543261,0.107485604606526,-2.14143946689039,0.14179462571977,4168,1,0.693147180559945,"4","NaN",1
"359","13135050222","Gwinnett County",87276,11.3769453624155,0.17427135678392,-1.69134584264126,0.306331658291457,4975,211.4,5.03949991249587,"4","2",5
"360","13135050223","Gwinnett County",72262,11.1881920578944,0.202984234234234,-1.54653713369181,0.497043918918919,7104,51,3.95124371858143,"5","1",1
"361","13135050224","Gwinnett County",140524,11.8532047313629,0.0621133382826033,-2.62951625481628,0.503809289751782,4069,66,4.05939456522536,"3","1",5
"362","13135050225","Gwinnett County",70964,11.1700688917738,0.184627369514412,-1.63666847413311,0.457731958762887,3880,71,4.27666611901606,"1","1",1
"363","13135050227","Gwinnett County",102143,11.5342269683901,0.149308380797396,-1.83691345329685,0.610659072416599,2458,53.5,3.87930897612209,"4","1",4
"364","13135050228","Gwinnett County",72686,11.1940416413752,0.0712793127466914,-2.50986375056799,0.250231053604436,4328,14,2.70805020110221,"4","NaN",1
"365","13135050229","Gwinnett County",47102,10.7602830246244,0.139248704663212,-1.90214120572054,0.105569948186528,3088,82.7777777777778,3.86514624355179,"4","2",9
"366","13135050230","Gwinnett County",62017,11.0353250531026,0.0648865153538051,-2.59178143999697,0.124966622162884,3745,154.5,3.21324422872885,"4","1",2
"367","13135050231","Gwinnett County",74913,11.2242161984686,0.0605400696864112,-2.6515743662755,0.297473867595819,4592,37.5,3.44173129320655,"2","1",2
"368","13135050232","Gwinnett County",167895,12.031153622253,0.0251798561151079,-3.34728162964391,0.415770609318996,2232,63,4.15888308335967,"4","2",1
"369","13135050233","Gwinnett County",121797,11.7101931038709,0.00362976406533575,-4.29549934337687,0.348094373865699,2755,31,3.46573590279973,"2","1",1
"370","13135050234","Gwinnett County",144511,11.8811801046952,0.0143036386449184,-3.71712920137131,0.536260978670013,3985,58,3.90334818626059,"4","2",2
"371","13135050236","Gwinnett County",72773,11.195237690432,0.100250626566416,-2.20499908152924,0.203007518796992,1995,37,3.63758615972639,"4","NaN",1
"372","13135050241","Gwinnett County",119821,11.6938376957974,0.0327435965143913,-3.15253588395593,0.469500924214418,3787,95,3.55647346760724,"4","2",3
"373","13135050242","Gwinnett County",117426,11.6736487833228,0.0457705677867903,-2.88650900776841,0.582850521436848,3452,12,2.56494935746154,"2","NaN",1
"374","13135050244","Gwinnett County",170694,12.0476863414312,0.0572655690765927,-2.69910677686199,0.48067287043665,2794,55,4.02391467872892,"2","2",2
"375","13135050306","Gwinnett County",53661,10.8906280973804,0.176868905742145,-1.67734794678222,0.288900833109379,3721,97,3.92153200834603,"3","1",2
"376","13135050308","Gwinnett County",180054,12.101067622233,0.0230966638152267,-3.40832279275965,0.674365554605076,3507,67.5,4.11635300493049,"3","2",2
"377","13135050311","Gwinnett County",127604,11.7567653617426,0.0427030596522122,-2.94308176720338,0.40887342322749,4598,69.5,3.45697833117033,"3","1",4
"378","13135050317","Gwinnett County",40237,10.6027907459074,0.161436330718165,-1.76354333076304,0.182119205298013,3322,115,4.75359019110636,"1","1",1
"379","13135050321","Gwinnett County",172000,12.0553078936404,0.0199255121042831,-3.50904391475944,0.841899441340782,5370,44,3.80666248977032,"4","1",1
"380","13135050323","Gwinnett County",155286,11.9530882522049,0.0134073046694406,-3.75470713997124,0.706765181251443,4331,38,3.66356164612965,"4","2",1
"381","13135050324","Gwinnett County",76515,11.2453727638136,0.041991341991342,-2.9566780744299,0.340909090909091,4620,25,3.25809653802148,"4","1",1
"382","13135050329","Gwinnett County",47600,10.7707981021886,0.197858472998138,-1.57089784914858,0.149212233549583,2158,2,1.09861228866811,"5","NaN",1
"383","13135050333","Gwinnett County",70694,11.1662574273705,0.0898039215686274,-2.30454780216189,0.201176470588235,5100,90,4.51085950651685,"4","1",1
"384","13135050335","Gwinnett County",86406,11.3669281228327,0.0765027322404372,-2.4475792789485,0.508196721311475,2928,32,3.49650756146648,"2","1",1
"385","13135050336","Gwinnett County",98750,11.5004479434591,0.138635649166929,-1.90625727528871,0.559258094938698,3181,27,2.77063177257921,"2","2",2
"386","13135050430","Gwinnett County",93036,11.4408492735053,0.0320167043674961,-3.16968801673399,0.380546372020184,5747,116,3.42043218248846,"3","1",5
"387","13135050437","Gwinnett County",59365,10.9916285413369,0.114521841794569,-2.08327414236353,0.224497681607419,2588,21.5,2.64482127369024,"3","1",4
"388","13135050441","Gwinnett County",57727,10.9636534948183,0.16125860373648,-1.76458056230487,0.0953785644051131,5085,53,3.88889631316942,"2","1",2
"389","13135050443","Gwinnett County",83103,11.3279564066349,0.0340063761955367,-3.1234207420279,0.232731137088204,2823,42,3.76120011569356,"2","1",1
"390","13135050449","Gwinnett County",54191,10.900454637442,0.268411114108443,-1.27865642995217,0.179660102508767,3707,46,3.85014760171006,"4","2",1
"391","13135050452","Gwinnett County",43224,10.674382501718,0.251942740286299,-1.33962934763183,0.195910020449898,2445,74,4.31748811353631,"2","1",1
"392","13135050453","Gwinnett County",59282,10.9902296686338,0.192038127277824,-1.59929885049164,0.18838961763885,3583,46.3333333333333,3.75436806902322,"2","1",3
"393","13135050456","Gwinnett County",34051,10.4359083137387,0.175314465408805,-1.68570108393035,0.1229035639413,3816,1,0.693147180559945,"1","NaN",2
"394","13135050464","Gwinnett County",92500,11.4350720257654,0.137746710526316,-1.91225588672505,0.0678453947368421,4864,7,2.07944154167984,"2","NaN",1
"395","13135050466","Gwinnett County",112364,11.6295878729579,0.171098265895954,-1.70871548953368,0.432,3500,14,2.70805020110221,"2","2",1
"396","13135050520","Gwinnett County",65098,11.0838027085114,0.212302746931619,-1.50371510122095,0.427502876869965,6952,100,4.16163858977158,"3","1",3
"397","13135050521","Gwinnett County",76125,11.2402633592748,0.12240932642487,-2.02185719668464,0.407413249211356,6340,15.3333333333333,2.63808409291415,"3","2",3
"398","13135050529","Gwinnett County",83162,11.328666031706,0.0451042611060743,-2.89852823176486,0.366273798730734,4412,48.3333333333333,3.64946085289942,"4","1",3
"399","13135050536","Gwinnett County",73287,11.2022749593428,0.102877590577009,-2.18145131665999,0.25506731765054,6759,34.75,3.10821638248024,"3","1",4
"400","13135050542","Gwinnett County",43013,10.6694901353973,0.32103442595948,-1.10553290309344,0.163893921923901,6071,25.6,2.95540479103747,"3","2",5
"401","13135050549","Gwinnett County",94018,11.4513478892374,0.131274131274131,-1.95705308266842,0.424066924066924,6216,4,1.6094379124341,"3","NaN",1
"402","13135050555","Gwinnett County",83077,11.3276435305794,0.0900160384923817,-2.30242472093052,0.189343295320488,5086,25,3.25809653802148,"4","NaN",1
"403","13135050560","Gwinnett County",109881,11.6072442444087,0.0536,-2.75514180863606,0.243733333333333,3750,20.4,2.67801925636467,"3","1",5
"404","13135050561","Gwinnett County",49015,10.8000856510645,0.189988938053097,-1.60949322369825,0.209347345132743,3616,24,3.2188758248682,"5","NaN",1
"405","13135050563","Gwinnett County",108142,11.5912929240442,0.142326732673267,-1.88172750806725,0.483314794215795,3596,31,3.43346664223094,"2","1",2
"406","13135050564","Gwinnett County",29751,10.300954090533,0.310498468393205,-1.13787778143718,0.167084377610693,3591,10.25,1.8342342284269,"2","1",4
"407","13135050565","Gwinnett County",106838,11.5791625427434,0.0926267281105991,-2.27665687227118,0.428441823542753,4409,80,4.02076680757293,"4","1",3
"408","13135050569","Gwinnett County",58958,10.9847502028691,0.132040283476315,-1.95164457515935,0.297836628123834,5362,203,5.31811999384422,"4","1",1
"409","13135050574","Gwinnett County",51432,10.8482102384045,0.122825403479354,-2.01871976897344,0.271012366380214,4771,52,3.26798114073325,"4","2",3
"410","13135050577","Gwinnett County",60073,11.0034822186135,0.110299316521329,-2.1177723374696,0.24228140466651,4243,28,3.36729582998647,"2","1",1
"411","13135050578","Gwinnett County",108839,11.597716879666,0.0591856060606061,-2.67096244289907,0.394649621212121,4224,9,2.30258509299405,"4","2",1
"412","13135050581","Gwinnett County",92273,11.4326152215122,0.0626669905270828,-2.62186804807637,0.273014330823415,4117,31,3.46573590279973,"2","1",1
"413","13135050589","Gwinnett County",84335,11.3426708093944,0.201759109675103,-1.55230592547757,0.110403397027601,5652,29.5,3.40119738166216,"2","2",2
"414","13135050591","Gwinnett County",156635,11.9617373775818,0.087832973362131,-2.32449360782194,0.379169666426686,4167,9,2.30258509299405,"2","1",1
"415","13135050611","Gwinnett County",89795,11.4053959320276,0.0450058072009292,-2.90031651385198,0.458478513356562,3444,23,3.17805383034795,"4","NaN",1
"416","13135050612","Gwinnett County",96212,11.4744133007369,0.0670637546878447,-2.56312221675823,0.399073461283918,4533,4,1.6094379124341,"1","NaN",1
"417","13135050617","Gwinnett County",148265,11.9068239367069,0.0287593984962406,-3.25038201075283,0.664755639097744,10640,50.75,3.88201124628478,"3","1",4
"418","13135050621","Gwinnett County",123750,11.7260994852469,0.0727783452502554,-2.49158878259008,0.711950970377937,3916,102,4.63472898822964,"2","2",1
"419","13135050627","Gwinnett County",96786,11.4803609500968,0.130460104834013,-1.9628317818895,0.355793090284405,5239,47,3.66811584991018,"3","1",5
"420","13135050633","Gwinnett County",73737,11.2083955954086,0.0355718085106383,-3.08846598806332,0.336103723404255,3008,50.25,2.60557033648782,"4","2",4
"421","13135050635","Gwinnett County",119453,11.6907619789795,0.0123578843302027,-3.80057625367799,0.393879565646594,4052,72,4.29045944114839,"5","NaN",1
"422","13135050636","Gwinnett County",99399,11.5069979318054,0.0699969164353993,-2.52576718960862,0.426681614349776,4460,31,3.29993524960642,"2","1",2
"423","13135050715","Gwinnett County",84928,11.3496768575576,0.120546318289786,-2.03602718576829,0.395142180094787,6752,9,2.30258509299405,"4","NaN",1
"424","13135050719","Gwinnett County",68772,11.1386973617839,0.122699386503067,-2.01966896084179,0.271773347324239,5718,51,3.95124371858143,"2","1",1
"425","13135050722","Gwinnett County",93594,11.4468283965953,0.0741602067183462,-2.47503307374164,0.255286624203822,3925,56,4.04305126783455,"2","1",1
"426","13135050742","Gwinnett County",107528,11.5855995524597,0.0777777777777778,-2.43294691085729,0.390849673202614,4590,20,3.04452243772342,"2","NaN",1
"427","13135050745","Gwinnett County",84031,11.3390600539838,0.0687919463087248,-2.54094449154551,0.266299137104506,4172,35,3.58351893845611,"2","1",1
"428","13135050746","Gwinnett County",84869,11.3489819918801,0.051818856718634,-2.78354683616264,0.219707057256991,6759,93,4.54329478227,"4","1",1
"429","13135050748","Gwinnett County",56781,10.9471331414504,0.0620795694791466,-2.62998463851972,0.233111322549952,5255,49,3.91202300542815,"2","1",1
"430","13135050749","Gwinnett County",102150,11.5342954907064,0.0907862739800054,-2.29475310345024,0.185085112131856,3701,3,1.38629436111989,"2","NaN",1
"431","13135050758","Gwinnett County",84602,11.345831379507,0.134126197555335,-1.93706599128374,0.663597500822098,3041,48.3333333333333,3.36335003452911,"2","2",3
"432","13135050760","Gwinnett County",151378,11.9276013566064,0.0567947129285419,-2.70613134934821,0.521065675340768,4842,84.5,4.20010491796521,"3","2",2
"433","13135050762","Gwinnett County",121544,11.708113887471,0.048032021347565,-2.84676032858315,0.468812541694463,5996,20,2.96489008766141,"2","1",3
"434","13135050764","Gwinnett County",84135,11.3402967801472,0.0918149466192171,-2.28459836227173,0.342095914742451,2815,5,1.79175946922805,"2","NaN",1
